2020-01-12 20:25:57,1216456300953067521,@LambbChops @Twitch That face ü§£ü§£ü§£,0.0,neutral
2020-01-12 20:23:54,1216455786261622784,@LambbChops @Twitch Typical reaction when our goo comes out when when you don‚Äôt expect it to ü§∑‚Äç‚ôÇÔ∏è,-0.16666666666666666,negative
2020-01-12 20:12:05,1216452813145944065,@LambbChops @Rivalryofgamers @Twitch https://t.co/p5xI9JSUGn,0.0,neutral
2020-01-12 19:55:00,1216448514236080130,@LambbChops Validated.,0.0,neutral
2020-01-12 19:54:42,1216448437018861569,@LambbChops üíõ,0.0,neutral
2020-01-12 19:53:43,1216448190280392704,"@nalipls @Chinchillasz @LambbChops @AnnaThePally @Herotherogue @Dilly_WoW @TruskisPro Damn, I gotta get me some boobs. ü§î",0.0,neutral
2020-01-12 19:15:40,1216438614466449408,"@LambbChops I'm not a football person, I'm more for hockey, baseball, fencing, and archery.",0.5,positive
2020-01-12 19:03:28,1216435545452306439,@nalipls @Chinchillasz @LambbChops @AnnaThePally @Herotherogue @Dilly_WoW @TruskisPro BOOBsted. Ok that's my ted talk. Thanks for listening,0.35,positive
2020-01-12 19:02:30,1216435300462813185,"@nalipls @LambbChops @AnnaThePally @Herotherogue @Dilly_WoW @TruskisPro Shit, gg",-0.2,negative
2020-01-12 19:01:45,1216435111933009920,@Chinchillasz @LambbChops @AnnaThePally @Herotherogue @Dilly_WoW @TruskisPro doesn‚Äôt matter if you have boobs you‚Äôre boosted sorry,-0.5,negative
2020-01-12 18:58:52,1216434384359784449,@LambbChops Then I shall send you a meme I made yesterday. :-) https://t.co/dxtrwbnYuO,0.5,positive
2020-01-12 18:57:32,1216434049801060353,@nalipls @LambbChops @AnnaThePally @Herotherogue @Dilly_WoW I remember one time a few years ago when @TruskisPro an‚Ä¶ https://t.co/53clWiB2oE,-0.2,negative
2020-01-12 18:51:51,1216432618100731906,@nalipls @LambbChops @Herotherogue @Dilly_WoW Oooooo you gonna break the Internet with those thoughts,0.0,neutral
2020-01-12 18:50:54,1216432382976225280,@LambbChops @AnnaThePally @Herotherogue @Dilly_WoW If three egirls play together who is boosting the egirls?,0.0,neutral
2020-01-12 18:44:55,1216430877074448391,"@LambbChops It's ok, it happens. What's important is to not stay down. Find something to take your mind off stuff a‚Ä¶ https://t.co/JGMQJ8EEEw",0.24814814814814815,positive
2020-01-12 18:12:37,1216422744700702726,"RT @LambbChops: Sound ON and watch the entire video. 

Looking at you, @gamergoo 

#twitchfail #twitch #twitchthot https://t.co/CexseZFafE",0.2,positive
2020-01-12 17:41:03,1216414804044402688,@LambbChops ...you're not wrong at all.,0.25,positive
2020-01-12 16:12:11,1216392439381934080,@LambbChops Love my sit/stand from @autonomousdotai.,0.5,positive
2020-01-12 09:00:09,1216283713664954368,@LambbChops @LSUfootball #GeauxTigers,0.0,neutral
2020-01-12 03:04:40,1216194253157650432,@KrisVines_ @LambbChops Making your own out of the loose parts I feel is the best if you want a Bigger or Multiple‚Ä¶ https://t.co/jUKMiyk99n,0.38076923076923075,positive
2020-01-12 02:05:43,1216179419187949568,"@LambbChops Just don't forget the mustard. 

- It's hard to find a desk that's exactly what you want.",-0.020833333333333343,negative
2020-01-12 01:32:20,1216171016566792192,"@LambbChops Jokes on you, I don't leave my house.",0.0,neutral
2020-01-11 21:20:00,1216107513625501696,@Voultar @LambbChops Same. I couldn't get exactly what I wanted otherwise. Probably took me 3 hours in labor plus $‚Ä¶ https://t.co/uouR7nvF5r,0.125,positive
2020-01-11 21:10:23,1216105096527872001,"@LambbChops I can't, sorry. I lost my hands in a tomato canning accident back in '09.",-0.25,negative
2020-01-11 21:01:03,1216102746505375744,@LambbChops Lmao,0.6,positive
2020-01-11 21:00:44,1216102667833004038,@LambbChops How it looked after I set it up minus my Switch on the right of my keyboard that is now there for strea‚Ä¶ https://t.co/hZsnsChEd4,0.09285714285714285,positive
2020-01-11 20:58:08,1216102012183597056,@LambbChops Idk if it‚Äôs my favorite but I get it at the IKEA in Frisco. I put the bottom left shelf pointing out be‚Ä¶ https://t.co/CefjvV6vXY,0.25,positive
2020-01-11 20:57:27,1216101839856422914,@LambbChops @Voultar üëç,0.0,neutral
2020-01-11 20:56:02,1216101485018148864,@LambbChops Das sad,-0.5,negative
2020-01-11 20:54:51,1216101185347678209,@LambbChops I have an ikea linnmon. Spacious and fits my needs! But looking for an L-shaped one,0.0,neutral
2020-01-11 20:50:59,1216100212109987842,"@LambbChops I mean, I made mine.",-0.3125,negative
2020-01-11 20:49:26,1216099823881019393,@LambbChops i need one too,0.0,neutral
2020-01-11 20:47:51,1216099426030190595,@LambbChops Be careful,-0.1,negative
2020-01-11 20:32:34,1216095578712682497,@LambbChops Be safe,0.5,positive
2020-01-11 18:06:36,1216058844880629761,@LambbChops Drive safely!,0.625,positive
2020-01-11 06:15:31,1215879894913056768,@Voultar @LambbChops @RetroRGB @Frankenroc Bob is a BBM. Big Beautiful Man.,0.425,positive
2020-01-11 05:38:55,1215870682879250433,RT @LambbChops: One day @Wowhead will acknowledge my existence. https://t.co/u3JDFrq0Qb,0.0,neutral
2020-01-11 04:49:42,1215858297292521472,"@LambbChops You say this but Kill, Marry, F... Man tits, Muscle Man, Slim bod. Go. üòâ",0.0,neutral
2020-01-11 03:33:15,1215839057940504577,@LambbChops I always stumble through my words üòÖ,-0.05,negative
2020-01-11 02:35:16,1215824468418973697,@LambbChops close enough üò≠,0.0,neutral
2020-01-11 01:19:37,1215805427667099648,"@LambbChops how is everything there? Have you guys had any issues? You're still safe right now, right?",0.35714285714285715,positive
2020-01-11 01:16:13,1215804574029606912,@LambbChops Haha thank you ‚ù§Ô∏è they just jealous I got a nice set üòÜüëåüî•,0.4,positive
2020-01-11 00:36:39,1215794614378160128,@LambbChops Awwwwwww she blocked me. Seems like I won once more on another Twitter argument,0.5,positive
2020-01-10 23:34:35,1215778995104440320,"@LambbChops @YouTube That gave me the big sad, but also, happys",-0.25,negative
2020-01-10 22:28:51,1215762452178198532,@LambbChops @SamStrake We'll have to set you up with some diffraction glasses next Con!,0.0,neutral
2020-01-10 22:23:53,1215761204448256007,@LambbChops Freakin soul sister,0.0,neutral
2020-01-10 22:11:45,1215758150126776320,"@LambbChops you guys have had it rough, hope it doesn't amount o anything ü§û",-0.1,negative
2020-01-10 21:29:45,1215747581109731329,@LambbChops @GamerGooSam It‚Äôs THE WORST,-1.0,negative
2020-01-10 21:28:47,1215747338024771584,"@LambbChops Hey, kid. 

God Bless you and God Bless your family.

Stay safe.",0.5,positive
2020-01-10 21:01:40,1215740514596802560,@LambbChops And right as I say this we get a tornado watch until 9...,0.2857142857142857,positive
2020-01-10 20:54:20,1215738669472145409,"@LambbChops I know, and the probability of it happening a second time is like being struck by lightning. Keep an ey‚Ä¶ https://t.co/gPJ3JUmfhQ",0.0,neutral
2020-01-10 20:46:24,1215736671305596929,@LambbChops Take a deep breath and relax. Look at a map of where they are touching down and see the direction they‚Ä¶ https://t.co/1ozys8gpte,0.11481481481481481,positive
2020-01-10 20:10:38,1215727671411388416,"@LambbChops Making it taboo to use as a diss is what makes it an effective diss. If someone calls you autistic, say‚Ä¶ https://t.co/gqdztw3fjp",0.19999999999999998,positive
2020-01-10 20:02:12,1215725547675955200,"@LambbChops And honestly, they should cut that shit out. It's hard enough being autistic without people nanny flapp‚Ä¶ https://t.co/mb6lXAgUuV",-0.018333333333333347,negative
2020-01-10 20:00:02,1215725004521967616,@LambbChops Wanna know what‚Äôs really fun... when people say this things irl look them dead in the eyes and yell (in‚Ä¶ https://t.co/hgCt6Ry4pR,0.04999999999999999,positive
2020-01-10 19:58:42,1215724666704343046,"@LambbChops I garentee my Mum would also care if I was called ""autistic"" as an insult. But as the person with actua‚Ä¶ https://t.co/4FmKiRXwma",-0.2,negative
2020-01-10 19:56:05,1215724007548342272,"@RetroRGB @LambbChops @Voultar @Frankenroc Bob, you seem like a Trumpet kinda guy. Play some shit outta Miles Davis.",-0.2,negative
2020-01-10 19:42:13,1215720520194437122,@RetroRGB @LambbChops @Reimenschreiben @Frankenroc https://t.co/KbX9ZKLlcj,0.0,neutral
2020-01-10 19:38:43,1215719637662519297,@LambbChops I might come back to streaming with some Grand Canyon cleavage just to fuck with turds like this.,0.033333333333333326,positive
2020-01-10 19:37:01,1215719211982577665,@LambbChops Thank you,0.0,neutral
2020-01-10 19:28:32,1215717075576131585,@LambbChops @Reimenschreiben @Voultar @Frankenroc I hope you play triangle better than Zach plays guitar. His sad l‚Ä¶ https://t.co/ENcxwoHXyv,0.0,neutral
2020-01-10 19:24:08,1215715969319960577,@Reimenschreiben @LambbChops @RetroRGB @Frankenroc Thank you for your support!,0.0,neutral
2020-01-10 19:13:47,1215713365546258432,"@Voultar @LambbChops @RetroRGB @Frankenroc Didn't know you played dude. Even bigger fan, now.",0.0,neutral
2020-01-10 19:07:37,1215711810415972352,"@LambbChops @grunt_mr He is the same person as all of the people who use the same insults in trade chat

He saw som‚Ä¶ https://t.co/PvlgxYshSe",0.0,neutral
2020-01-10 19:04:33,1215711042300329984,"@LambbChops Hook, Line and Sinker",0.0,neutral
2020-01-10 18:52:00,1215707883981234177,"@LambbChops @RetroRGB @Frankenroc OK, I take that back.. 

That insult went a little too far.. 

But at any rate..‚Ä¶ https://t.co/U187l6wQJd",0.103125,positive
2020-01-10 18:51:26,1215707738963161092,"@LambbChops @RetroRGB @Frankenroc Are you still crying, Bob? 

I bet you are.. I bet you're sulking. He's still try‚Ä¶ https://t.co/dNwJq5JeVq",-0.2,negative
2020-01-10 18:49:12,1215707175735173122,@LambbChops @NickFoxFighter Lol kinda but more like this https://t.co/BRTZOkrZve,0.65,positive
2020-01-10 18:48:48,1215707076963512321,"@LambbChops @RetroRGB @Frankenroc OH, I'm SO GLAD you mentioned that. 

You just hit a MASSIVE sore spot for that i‚Ä¶ https://t.co/vCpfaJuUer",0.25,positive
2020-01-10 18:48:15,1215706940392607745,@RetroRGB @Voultar @LambbChops @Frankenroc Never show us your milkshake.,0.0,neutral
2020-01-10 18:44:43,1215706047719137280,@LambbChops @NickFoxFighter Good day ! Lol,0.8375,positive
2020-01-10 18:44:14,1215705926843367424,@LambbChops @NickFoxFighter All BS aside you guys have a great day I hope your streams and your lives are very successful!,0.9,positive
2020-01-10 18:38:35,1215704505725132801,@NickFoxFighter @LambbChops Yeah what Firefox said lol,0.8,positive
2020-01-10 18:38:04,1215704375802441729,"@RetroRGB @LambbChops @Frankenroc Hey, Bob. You stupid son of a bitch. 

Remember that time you showed up @ my hous‚Ä¶ https://t.co/dPLj2W9Gel",-0.7999999999999999,negative
2020-01-10 18:37:51,1215704321989468160,@NickFoxFighter @LambbChops I said...........good day !,0.0,neutral
2020-01-10 18:37:49,1215704313739325447,"@LambbChops @grunt_mr Just block him. He isnt worth your time. 

With his attitude his stream wont grow, it will di‚Ä¶ https://t.co/HA9mnodOm2",0.3,positive
2020-01-10 18:36:35,1215704001829834752,"@grunt_mr @LambbChops Because you cannot beat me in this argument 

 And I know you know that

Try to have a better‚Ä¶ https://t.co/JBfvKQtivD",0.0,neutral
2020-01-10 18:34:07,1215703381882408963,@Voultar @LambbChops @Frankenroc https://t.co/ONuhB07fqC,0.0,neutral
2020-01-10 18:31:35,1215702742469169153,@LambbChops @NickFoxFighter You won‚Äôt be able too your head is to far up your ass !,0.3125,positive
2020-01-10 18:30:22,1215702436679163906,@NickFoxFighter @LambbChops I said ............ good day !,0.875,positive
2020-01-10 18:27:09,1215701627572756480,"@grunt_mr @LambbChops Because you have no ammo in this

Next time think before you tweet",0.0,neutral
2020-01-10 18:24:30,1215700962645544966,@NickFoxFighter @LambbChops I said good day !!,1.0,positive
2020-01-10 18:24:01,1215700841321111552,"@grunt_mr @LambbChops You said the old stupid line of ""get rid of titty streamers""

So A: Do not cry about name cal‚Ä¶ https://t.co/hKTVMY3UsT",-0.35,negative
2020-01-10 18:21:51,1215700294983614467,@LambbChops @NickFoxFighter I‚Äôm tired of being cyber bullied by you good day !!!,0.3,positive
2020-01-10 18:17:21,1215699161636659200,@LambbChops @NickFoxFighter Uh ok well way stay classy because we can‚Äôt even have a simple conversation on Twitter‚Ä¶ https://t.co/QV2AKgyAD9,0.19999999999999998,positive
2020-01-10 18:15:55,1215698799575744512,@RetroRGB @Voultar @LambbChops https://t.co/uehHCEAGwi,0.0,neutral
2020-01-10 18:08:52,1215697025993519104,@RetroRGB @Voultar @LambbChops I have top tier tits,0.5,positive
2020-01-10 18:03:42,1215695725742391302,@LambbChops @NickFoxFighter Now you‚Äôre making fun of anxiety and my streams aren‚Äôt you going against your tweet abo‚Ä¶ https://t.co/Z3AWBqb4jd,0.3,positive
2020-01-10 17:55:07,1215693566992953344,"@LambbChops @RetroRGB THANK YOU. 

I've been saying it for YEARS..",0.0,neutral
2020-01-10 17:54:15,1215693348327055361,@MichelleS_68 @LambbChops üëçüèª,0.0,neutral
2020-01-10 17:54:03,1215693300197359616,@grunt_mr @LambbChops That it?,0.0,neutral
2020-01-10 17:53:19,1215693113219375104,@grunt_mr @LambbChops May I ask why? What does their content have to do with yours? Looking at the top streamers on‚Ä¶ https://t.co/aqziusX545,0.5,positive
2020-01-10 17:49:38,1215692186030833664,@LambbChops @LewdTheLolibat @bazingashane0 https://t.co/K91k5O581x,0.0,neutral
2020-01-10 17:44:28,1215690886559993857,@LambbChops https://t.co/a27iQnvp9S,0.0,neutral
2020-01-10 17:44:12,1215690820260712448,@LewdTheLolibat @LambbChops @bazingashane0 PLZ follow me for my personality. Not my distinguished GIF skillz.,0.0,neutral
2020-01-10 17:41:08,1215690049901207552,@NickFoxFighter @LambbChops Lol üëçüèª,0.8,positive
2020-01-10 17:39:12,1215689562279817216,"@grunt_mr @LambbChops Yours was an opinion 

What I said was a fact",0.0,neutral
2020-01-10 17:38:55,1215689488309063681,@LambbChops @RetroRGB @Frankenroc https://t.co/GVTDXowB9a,0.0,neutral
2020-01-10 17:38:54,1215689484714627072,@LambbChops @RetroRGB @Voultar Do we need to have a Tit-Off?,0.0,neutral
2020-01-10 17:37:14,1215689064541773824,@Voultar @RetroRGB @LambbChops This is some good twitter drama. You're just jealous!,0.875,positive
2020-01-10 17:34:06,1215688276943810561,@RetroRGB @LambbChops https://t.co/noHfcOJ1te,0.0,neutral
2020-01-10 17:30:50,1215687456005279744,@LambbChops Oh,0.0,neutral
2020-01-10 17:30:04,1215687262354190342,"@LambbChops I'm sorry..

I...

""Puts his bra back on""",-0.25,negative
2020-01-10 17:29:55,1215687226610159616,@LambbChops @Voultar https://t.co/IpQUb0VmUk,0.0,neutral
2020-01-10 17:26:30,1215686366140489736,"@Voultar @LambbChops You lying, self-centered POS. Everyone knows my knockers are the best in retro gaming.",1.0,positive
2020-01-10 17:22:00,1215685231904272385,@LambbChops Do NOT FORCE MY BODY! https://t.co/oK1qSZJx6u,0.0,neutral
2020-01-10 17:21:47,1215685178615447552,@LambbChops Good call!,0.875,positive
2020-01-10 17:18:49,1215684430515359745,@LambbChops https://t.co/rIWmp6oXFh,0.0,neutral
2020-01-10 17:17:38,1215684132858032128,@LambbChops I just wanted to see what would happen if I said something hoping for a block,0.0,neutral
2020-01-10 17:17:02,1215683982748200960,@LambbChops I have nice tits but choose incline bench ü§∑üèº‚Äç‚ôÇÔ∏è,0.6,positive
2020-01-10 17:11:01,1215682468109418496,@LambbChops I low key just wanted you to block me but okay,0.16666666666666666,positive
2020-01-10 17:04:33,1215680841101299712,@LambbChops I banned most of these already to be honest. If you use any of these words to describe something you di‚Ä¶ https://t.co/G11VF0D7U1,0.55,positive
2020-01-10 17:01:54,1215680176215994368,@LambbChops @NickFoxFighter Nor do I I was just stating an opinion like you did in your tweet ü§î,0.0,neutral
2020-01-10 16:56:27,1215678802883420162,@LambbChops @NickFoxFighter That‚Äôs it ?,0.0,neutral
2020-01-10 16:53:20,1215678017999114242,@LambbChops @grunt_mr People like to blame their failings on something other than themselves,-0.125,negative
2020-01-10 16:51:11,1215677477831483392,@grunt_mr @LambbChops You would still adv &lt;10 viewers,0.0,neutral
2020-01-10 16:34:45,1215673342755295232,"@LambbChops Absolutely. I've seen it plenty in male dominated spheres particularly, women get used to special atten‚Ä¶ https://t.co/bSbXKc9bDK",0.18095238095238098,positive
2020-01-10 16:27:20,1215671475014860800,@LambbChops I see a lot more women lifting up other women (especially on social media) than the opposite??   Someti‚Ä¶ https://t.co/tH1c8WJ9cM,0.11041666666666666,positive
2020-01-10 16:25:30,1215671012127318022,"@LambbChops I know, like 50s housewives sometimes had it good haha.  But I bet it gets boring, they didn‚Äôt have video games back then.",-0.025000000000000022,negative
2020-01-10 16:23:42,1215670562875461634,@LambbChops There‚Äôs an entire group of women against feminism in France.  They want women to remain as traditional‚Ä¶ https://t.co/Jnve6BfbBK,0.0,neutral
2020-01-10 16:20:36,1215669779555594240,"@LambbChops Men sexist against men? Why are you asking about women against women? I have seen that btw, there‚Äôs the‚Ä¶ https://t.co/atfAIzeUMA",0.0,neutral
2020-01-10 16:19:16,1215669444724363264,@LambbChops Do it !!!!!! https://t.co/QfcMP5LSY9,0.0,neutral
2020-01-10 16:16:29,1215668744283799552,"@LambbChops Right!  It's so modernized. Even some within that community use it that way, and I think, ""wait a minut‚Ä¶ https://t.co/YXb2qtXWtv",0.3571428571428571,positive
2020-01-10 16:03:24,1215665451956670464,@LambbChops I agree with the last three fer sure. Justifying anything with aiming those negatively at someone is st‚Ä¶ https://t.co/gwzuBtTHtM,0.06666666666666667,positive
2020-01-10 15:30:19,1215657124845539329,@LambbChops Can we also get rid of titty streamers please thanks that is all !,0.25,positive
2020-01-10 08:12:04,1215546835705552897,@LambbChops Fair point. That too.,0.7,positive
2020-01-10 07:44:16,1215539840084668416,@LambbChops Looks like some of Twitch chat needs a thesaurus üëÄ https://t.co/YaAnZnO01R,0.0,neutral
2020-01-10 06:53:24,1215527038880309248,@LambbChops @N8Anthony In the workplace for sure. On Twitter? Good luck,0.6,positive
2020-01-10 06:35:43,1215522590879551489,@LambbChops @N8Anthony I can't watch movies or tv shows that have rape in them. It fucks me up. I have to check the‚Ä¶ https://t.co/9UUotmGCKo,0.0,neutral
2020-01-10 06:27:14,1215520455773343744,"@LambbChops I've also been getting rid of words like insane and stupid because of similar reasons. Plus, it's hones‚Ä¶ https://t.co/SFZ5YCmkWb",-0.6,negative
2020-01-10 06:16:35,1215517773356552193,"@HChewbecca @LambbChops Add ‚Äúaids‚Äù to the list too, that shit pisses me off.",-0.2,negative
2020-01-10 05:00:36,1215498652870774784,@LambbChops It wasnt said to look cool lol it was just gaming culture at the time. It was something to say in frust‚Ä¶ https://t.co/ryB2EsSm8R,0.575,positive
2020-01-10 04:37:53,1215492937523564544,"Y'all get @LambbChops to 2600 followers on Twitch

https://t.co/q059YwCEWx",0.0,neutral
2020-01-10 04:06:04,1215484929842262016,@Assault_FA @LambbChops i feel like most people would want their twitch chat to be a safe place for their community‚Ä¶ https://t.co/EMSIqGZXk7,0.5,positive
2020-01-10 03:59:13,1215483205853335553,@LambbChops Still are just words. No matter what time period it is. Words are words.,0.0,neutral
2020-01-10 03:58:44,1215483082083577858,RT @Cpt_Eggbeard: @LambbChops Some streamers could class up too. ü§∑‚Äç‚ôÇÔ∏è,0.0,neutral
2020-01-10 02:38:02,1215462777038483456,@LambbChops But what if I am autistic.......,-0.2,negative
2020-01-10 02:36:04,1215462279463878658,@LambbChops It‚Äôs was a show in the 90‚Äôs  called recess. Essentially it means ‚Äúthis sucks‚Äù or‚Äúthis fking sucks‚Äù the‚Ä¶ https://t.co/lTceNm8ODz,-0.19999999999999998,negative
2020-01-10 02:00:17,1215453276176515072,@LambbChops @N8Anthony Yikes,0.0,neutral
2020-01-10 01:58:13,1215452754296168448,@LambbChops Great response. üëå Mutual respect and kindness is really needed in these stressful times.,0.5,positive
2020-01-10 01:42:00,1215448673146019840,@LambbChops Some streamers could class up too. ü§∑‚Äç‚ôÇÔ∏è,0.0,neutral
2020-01-10 01:36:46,1215447358244212736,@LambbChops I guess I‚Äôll just block myself....bye üëã,0.0,neutral
2020-01-10 00:42:17,1215433647165145088,@LambbChops *BLINKING SEVEN TIMES*,0.0,neutral
2020-01-10 00:39:34,1215432960427614208,@LambbChops But they are sweet potato fries üò≠,0.35,positive
2020-01-10 00:00:50,1215423215570489350,@LambbChops @VancityReynolds Red Skelton was one of the first to say this publically. We're talking black and white television.,0.020833333333333336,positive
2020-01-09 23:59:26,1215422862091280384,@noturevrydynerd @LambbChops I'm banning Yasss Queen.,0.0,neutral
2020-01-09 23:57:01,1215422255712178178,"@LambbChops @SamStrake And the waste byproduct (gamer bathwater) is definitely marketable, too.",-0.1,negative
2020-01-09 23:56:23,1215422095590658049,"@LambbChops Will always trust your opinion, you freakin babe you",0.0,neutral
2020-01-09 23:55:51,1215421961699917824,"@LambbChops @SamStrake Probably lol üòà

Though I was more wondering what you mean by good.

Like good people, good streamer. üòÜ",0.5145833333333334,positive
2020-01-09 23:54:26,1215421603808514049,@LambbChops @bubblegutstv https://t.co/HJvvpG7Fpk,0.0,neutral
2020-01-09 23:54:22,1215421588385873920,"@LambbChops It's missing Black, the only colour we really ever need. üòª",-0.04166666666666667,negative
2020-01-09 23:53:28,1215421360576401408,@LambbChops @SamStrake The good ones?,0.7,positive
2020-01-09 23:51:53,1215420964323893248,@LambbChops @bubblegutstv ^^^this chick knows^^^,0.0,neutral
2020-01-09 23:51:03,1215420751412629504,@LambbChops That would never work gamers don't bathe.,0.0,neutral
2020-01-09 23:37:42,1215417391095734272,"@LambbChops Hey there! As we never test our products on animals, we can never be sure. It's best to check the ingre‚Ä¶ https://t.co/Em5C9GLpE4",0.75,positive
2020-01-09 23:03:45,1215408849747759104,@LambbChops https://t.co/I8X8cGAAZx,0.0,neutral
2020-01-09 22:33:06,1215401136930328576,"@LambbChops @Gliitchzz I agree, the only thing I struggle with is sometimes I will say "" that's retarded"" about som‚Ä¶ https://t.co/grTrIplj1k",-0.4,negative
2020-01-09 22:32:43,1215401040079720449,"@NedronPaladin @LambbChops @jasminjoestar If you want a read on the dredges of humanity, give that a quick google.‚Ä¶ https://t.co/hMm3ExsE57",0.3333333333333333,positive
2020-01-09 22:12:41,1215395998249472000,"@LambbChops I'm autistic. Please use the word however you like, this really seems like a things neurotypicals care‚Ä¶ https://t.co/YAbEnLjjjA",0.0,neutral
2020-01-09 21:57:29,1215392171336945664,@DickDoesLife @LambbChops @jasminjoestar The what?,0.0,neutral
2020-01-09 21:50:17,1215390360232480770,@LambbChops @gamergoo I‚Äôm trying too! Hopefully...one day!,0.0,neutral
2020-01-09 21:32:33,1215385896154910720,"@LambbChops It used to be like patreon, where you could open it up for art and other stuff.",-0.0625,negative
2020-01-09 20:59:51,1215377669417832458,@LambbChops Banning words is not how to get people to stop using them. Banning words gives them power but ig you‚Äôre new to the internet.,0.13636363636363635,positive
2020-01-09 20:59:10,1215377498051153930,@LambbChops @LegAbsolute It‚Äôs called a rebrand to!,0.0,neutral
2020-01-09 20:58:37,1215377357651005441,@LambbChops @LegAbsolute Imagine having 3! This ones fresh out of Twitter jail!,0.0875,positive
2020-01-09 20:58:06,1215377226407063558,@LambbChops @ichin69 Wow imagine stalking a smaller steamer because there‚Äôs nothing left in your locker and then tr‚Ä¶ https://t.co/HCPXB2JSCF,0.03333333333333333,positive
2020-01-09 20:44:10,1215373721667538944,@LambbChops You didn‚Äôt trigger me. You blocked me before I could respond to you trying to ridicule me for having 31‚Ä¶ https://t.co/mzbmS0hpTe,0.0,neutral
2020-01-09 20:40:01,1215372675436154880,"@LambbChops As a gay person, I have no issues with people using the word gay, in any context. You know why? Because‚Ä¶ https://t.co/pMAfcC1rd6",0.4166666666666667,positive
2020-01-09 20:39:41,1215372595396317187,@LambbChops You didn‚Äôt trigger me....,0.0,neutral
2020-01-09 20:38:56,1215372405255933958,@LambbChops Thats rough. I'm more north along 75 around Plano/McKinney so didnt have any issues around here thankfully.,0.2,positive
2020-01-09 20:38:16,1215372236896509954,@LambbChops https://t.co/Dh8WuUZVFJ,0.0,neutral
2020-01-09 20:32:46,1215370854378475521,@LambbChops I‚Äôm curious about this as welll,-0.1,negative
2020-01-09 20:29:46,1215370096992030722,@LambbChops üòî I imagine the insurance companies are dragging ass along with contractors. Hopefully it gets back to the way it was soon. üòä,0.0,neutral
2020-01-09 20:27:21,1215369489832972293,"@LambbChops Attract tornadoes XD I still cant believe all of the damage that happened in the area, shocked on how much it caused really.",-0.09999999999999998,negative
2020-01-09 20:12:50,1215365837495980033,"@LambbChops another dummy who just can‚Äôt handle an opinion that‚Äôs different to hers...

I knew I should have RT bef‚Ä¶ https://t.co/eJzDeL4ba3",0.0,neutral
2020-01-09 20:04:52,1215363833180696576,"@LambbChops You‚Äôre right, better change that! Love how bored you are that you have to go stalk me.

Go outside once in a while...",0.1821428571428571,positive
2020-01-09 20:03:34,1215363504737267712,"@LambbChops I pray for you üôè

Careful you don‚Äôt melt in the summer ‚ùÑÔ∏è 

Just casually waiting for the White Knight to jump in...",-0.20000000000000004,negative
2020-01-09 19:56:40,1215361768312246276,@LambbChops But... why,0.0,neutral
2020-01-09 19:54:10,1215361139233755136,"@LambbChops Cheers, I‚Äôm sure it will be. 

Gotta love a snowflake like ya self.  My friends and people that actuall‚Ä¶ https://t.co/8Y4iEaz7bH",0.5,positive
2020-01-09 19:45:49,1215359035727384579,"@LambbChops Yasss queen, it's time for us to take over what people say in ""YOUR"" platform like a true dictator. I d‚Ä¶ https://t.co/xyXHOtUZLT",0.35,positive
2020-01-09 19:44:40,1215358749264764929,"@LambbChops FYI I can spell back, I just ran out of characters in case you were thinking of being funny again...",0.125,positive
2020-01-09 19:41:01,1215357828338155521,@LambbChops Oh grammar nazi! I‚Äôm actually dyslexic but hey I won‚Äôt take offence. I‚Äôm sure you were just trying to b‚Ä¶ https://t.co/IxR5wI8NvV,0.25,positive
2020-01-09 19:37:47,1215357015075315712,"@LambbChops I have tons of gay friends to.  

Think you need to lighthen up a bit love. 

Someone once said to me,‚Ä¶ https://t.co/8UsYghrbFO",0.45833333333333337,positive
2020-01-09 19:29:04,1215354822871810049,"@LambbChops One of my friends is named Ian Todd, we worked together for many years and people always used to email‚Ä¶ https://t.co/Afuk0QgDFc",0.5,positive
2020-01-09 19:20:57,1215352779763605504,@LambbChops No u,0.0,neutral
2020-01-09 19:10:31,1215350152484929536,@LambbChops I don't know why people complain; I wouldn't want those kind of viewers anyway. You can keep them! Lol,0.775,positive
2020-01-09 18:45:10,1215343772604805121,@LambbChops So did I.,0.0,neutral
2020-01-09 18:40:10,1215342517941608448,@LambbChops I love your Lambchop. You watched it as a kid didn‚Äôt you?,0.5,positive
2020-01-09 18:33:27,1215340824868704256,@LambbChops So what you‚Äôre saying is I should let booblie stream more,0.5,positive
2020-01-09 18:31:48,1215340412287823872,@LambbChops I‚Äôm a simple man. I see you have a cat and a dog and I instantly like it. Because kitty,0.0,neutral
2020-01-09 18:30:06,1215339982396760064,"RT @LambbChops: Hi new friends! I‚Äôm LambbChops

I like to push the envelope. I stream for fun. I have a cat and a dog. I attract tornadoes.‚Ä¶",0.23522727272727273,positive
2020-01-09 18:28:24,1215339553378062337,"RT @LambbChops: Hi new friends! I‚Äôm LambbChops

I like to push the envelope. I stream for fun. I have a cat and a dog. I attract tornadoes.‚Ä¶",0.23522727272727273,positive
2020-01-09 18:25:44,1215338882855776256,@LambbChops Subscribed.,0.0,neutral
2020-01-09 18:21:23,1215337788759007233,@LambbChops You got discord?,0.0,neutral
2020-01-09 18:10:47,1215335120262979584,@LambbChops https://t.co/8HlX69T212,0.0,neutral
2020-01-09 18:06:56,1215334153035698176,@LambbChops Lol I was kidding,0.8,positive
2020-01-09 18:04:06,1215333439408431105,@LambbChops Hey! no credit &gt;:(,-0.75,negative
2020-01-09 17:57:25,1215331759178555393,@LambbChops @jasminjoestar I feel he supports the Return of Kings movement.,0.0,neutral
2020-01-09 17:54:38,1215331056322326529,"@LambbChops Well that‚Äôs just...... GAY!

Did we all lose our sense of humour in 2020 :/",0.13541666666666669,positive
2020-01-09 17:47:40,1215329303828795398,"@LambbChops @TheMewstache But to also add to the list: Anything sexist.
I.e. ""You belong in the kitchen making me a‚Ä¶ https://t.co/qEZWkKgQSZ",0.0,neutral
2020-01-09 17:45:26,1215328741934751751,"@LambbChops @TheMewstache Even so, I don't like the use of the word when it's meant to offend someone.",0.0,neutral
2020-01-09 17:44:37,1215328534639579137,@LambbChops @TheMewstache I have autism and I say retarded because I can xD,-0.8,negative
2020-01-09 17:40:24,1215327475057799169,"@LambbChops This may make you feel a bit better...
https://t.co/Jcj7QhPNzd",0.5,positive
2020-01-09 17:10:30,1215319949603954693,@LambbChops @jimg1976 I just know who I need to call https://t.co/qBXok90fPl,0.0,neutral
2020-01-09 17:08:12,1215319373096710145,RT @MDrags06: @LambbChops @jimg1976 Sounds a lot like something an alien would say https://t.co/8dB7Lff5Pf,-0.25,negative
2020-01-09 17:05:40,1215318735608782851,@LambbChops I can‚Äôt even look üòî,0.0,neutral
2020-01-09 17:00:09,1215317345675173891,@LambbChops @jimg1976 Sounds a lot like something an alien would say https://t.co/8dB7Lff5Pf,-0.25,negative
2020-01-09 16:56:05,1215316323821150208,@LambbChops @aheeleyRIBA @MissTwinPeaks82 @madcupid6 freal freal,0.0,neutral
2020-01-09 16:54:20,1215315880541900800,@LambbChops Are you a dog lady?,0.0,neutral
2020-01-09 16:51:33,1215315180902584320,@LambbChops How about ass?  You said it and there are many people who don't have one and might feel like the butt end of a joke.,0.5,positive
2020-01-09 16:49:05,1215314561169068032,@kicknahan545 @MissTwinPeaks82 @madcupid6 @LambbChops The overwhelming majority of autistic people prefer to be cal‚Ä¶ https://t.co/GJRkLvp4dS,0.15,positive
2020-01-09 16:35:29,1215311137480355840,@LambbChops or cancer,0.0,neutral
2020-01-09 16:30:01,1215309762465816578,@LambbChops https://t.co/UQxhvFFo91,0.0,neutral
2020-01-09 16:28:59,1215309504960700416,@LambbChops Lmfao you really think that's gonna stop? Lmfao stay tf off the internet and go do something productive‚Ä¶ https://t.co/kSeMO14Lb2,0.2,positive
2020-01-09 16:20:56,1215307478600179714,"@LambbChops Having a gay sister, an autistic child i would be leaving that channel and never going back. Its 2020 l‚Ä¶ https://t.co/F7tAtWntMH",0.07222222222222223,positive
2020-01-09 16:20:22,1215307335633117185,@LambbChops Lmfao hey I'm just using the terms you use hun. Smh. That's how dumb blondes operate I guess üòÇüòÇüòÇ,-0.375,negative
2020-01-09 16:17:50,1215306696685432834,@LambbChops Oof lol now who's the one using offensive terms? So you preach shit but you don't practice it just beca‚Ä¶ https://t.co/YuPShEORrD,0.30000000000000004,positive
2020-01-09 16:16:31,1215306366589579264,"@LambbChops Bruh üòÇ I have a cousin who's mentally handicapped, he uses the word Retarded for everything cause he do‚Ä¶ https://t.co/M4ZACeSrkK",-0.45,negative
2020-01-09 16:12:17,1215305300535922689,@LambbChops Hey thats are far as i was willing to dig. Im not here to spread negativity. I just hope you realize ha‚Ä¶ https://t.co/JPCTWbtXj2,0.175,positive
2020-01-09 16:11:52,1215305195527254016,@LambbChops The fact that you even take the time to stalk through someones profile just because they something that‚Ä¶ https://t.co/9V15d9wOk8,0.0,neutral
2020-01-09 16:08:48,1215304422550638592,@LambbChops Look you want everyone to pat you on the back and say you said a good thing on the internet. Congratula‚Ä¶ https://t.co/jgr0T3OgYw,0.35,positive
2020-01-09 16:06:03,1215303732826689536,@LambbChops Also i was going to go high road since i was simply saying dont take the internet personal. But why not‚Ä¶ https://t.co/YIJifNHI63,0.05333333333333334,positive
2020-01-09 16:04:07,1215303245377069056,@LambbChops Hahahaha its always the fuckin feet guys,0.2,positive
2020-01-09 16:02:55,1215302942183567368,@LambbChops https://t.co/OvdJoJNOiI,0.0,neutral
2020-01-09 16:02:38,1215302873766072321,@LambbChops Ok so you can just call rape and that shuts down my argument? Youre screaming into the hallway that is‚Ä¶ https://t.co/bubSArtORK,0.17222222222222222,positive
2020-01-09 16:00:42,1215302384655765507,"@LambbChops They are actually thank you very much, how about yours?",0.13,positive
2020-01-09 15:58:24,1215301807729205249,"@LambbChops The insult of ""autistic"" p*sses me off more than anything because I have a relative who is on the spect‚Ä¶ https://t.co/hXCDfLaStc",0.09999999999999999,positive
2020-01-09 15:54:31,1215300828862603265,@LambbChops Hey if you wanna live your life in reaction to everyone else that's on you. But you chose to be in a fi‚Ä¶ https://t.co/ZsYIiTcuqV,0.13636363636363635,positive
2020-01-09 15:53:32,1215300580035514368,@LambbChops I honestly might need to üòÇ,0.6,positive
2020-01-09 15:42:10,1215297721541779456,@LambbChops https://t.co/TgEDNNyRhQ,0.0,neutral
2020-01-09 15:29:47,1215294602736996357,@kicknahan545 @madcupid6 @LambbChops a lot of us prefer autistic people for a number of reasons. i've had person fi‚Ä¶ https://t.co/DicIyc6y2Y,-0.2,negative
2020-01-09 15:29:46,1215294601461932032,@LambbChops Sounds pretty retarded,-0.275,negative
2020-01-09 15:27:32,1215294039219752960,@LambbChops @kicknahan545 @madcupid6 I totally understand. The It‚Äôs a huge problem for me as someone who enjoys vid‚Ä¶ https://t.co/aMpdbdp1ws,0.20000000000000004,positive
2020-01-09 15:27:29,1215294024027865094,@LambbChops @MissTwinPeaks82 @madcupid6 I feel like we both do! Just having some surprisingly genuine discourse about language! Lol,0.65,positive
2020-01-09 15:25:02,1215293410170548225,@kicknahan545 @madcupid6 @LambbChops Obviously personal preference should always be respected.,0.0,neutral
2020-01-09 15:24:43,1215293331359576070,@kicknahan545 @madcupid6 @LambbChops I think it really depends on the condition. For example I would say ‚Äúpeople wi‚Ä¶ https://t.co/flF7VPjbG0,0.2,positive
2020-01-09 15:19:24,1215291991594016774,@LambbChops @madcupid6 That means that people need to learn that ‚Äúautistic‚Äù is not an insult and shouldn‚Äôt be used‚Ä¶ https://t.co/eroMdPIUnO,-0.2,negative
2020-01-09 15:19:23,1215291986137227264,"@MissTwinPeaks82 @madcupid6 @LambbChops I've learned it as, when in doubt, use person first, but that was mostly ju‚Ä¶ https://t.co/XB2jTIbaHR",0.375,positive
2020-01-09 15:16:32,1215291272073830401,@kicknahan545 @madcupid6 @LambbChops Most autistic people actually prefer ‚Äúautistic‚Äù over ‚Äúwith autism‚Äù. It‚Äôs down‚Ä¶ https://t.co/nE1w7kgLzL,0.024999999999999994,positive
2020-01-09 15:13:36,1215290531942715393,"@LambbChops Oh cmon you can‚Äôt beat calling someone a good old fashioned gay once in a while! 

Rape is no joke though...",0.44027777777777777,positive
2020-01-09 15:02:29,1215287736137146370,@LambbChops That‚Äôs so raven,0.0,neutral
2020-01-09 14:48:07,1215284119422283776,@DexterJManning @LambbChops Well that‚Äôs gay,0.4166666666666667,positive
2020-01-09 14:44:21,1215283173044752391,@LambbChops Its 2020 and we still getting offended on the internet?,0.0,neutral
2020-01-09 14:41:59,1215282574651731968,@LambbChops Beally @AngusMylesMann,0.0,neutral
2020-01-09 14:27:44,1215278989801115649,"RT @LambbChops: üì∑ https://t.co/dZSyqLocHn
üïπ https://t.co/tm0ou8ozHC",0.0,neutral
2020-01-09 14:13:06,1215275305683898368,@LambbChops Someone say feet pics? https://t.co/3hy0KE3cIn,0.0,neutral
2020-01-09 13:42:17,1215267551279812608,"Don't come at me with any shit that insults someone's life or disability. 
Think before you speak.
@LambbChops says‚Ä¶ https://t.co/XU4ltZo9hu",-0.2,negative
2020-01-09 13:40:38,1215267137947865091,@LambbChops I used to say some of these when I was younger. I trained myself to get out of the habit of saying them‚Ä¶ https://t.co/5GD8iwkBB9,0.0,neutral
2020-01-09 13:36:57,1215266208510988288,"@LambbChops Ok, sad about the feet pics but I would like a update when you accept your alien legacy and rule over us like ants.",-0.08333333333333333,negative
2020-01-09 13:16:29,1215261059965124608,@madcupid6 @LambbChops This is also just standard protocol for ANYONE that are not neurotypical. It's always always‚Ä¶ https://t.co/sLwH3qE4hp,0.0,neutral
2020-01-09 12:13:35,1215245229235875840,@LambbChops Well... that's just retarded ü§∑‚Äç‚ôÇÔ∏è,-0.8,negative
2020-01-09 12:05:55,1215243300074115073,@LambbChops And you'll have a gay old time,0.25833333333333336,positive
2020-01-09 11:38:12,1215236325986775040,"@LambbChops I'm gay, you can't repo my G-word pass!",0.5208333333333334,positive
2020-01-09 11:03:10,1215227506825011200,"@LambbChops I just love running into people when I'm playing where the conversation goes:

Them - ""You streaming?""‚Ä¶ https://t.co/JbpoBV6SVp",0.5,positive
2020-01-09 10:33:20,1215219998706360320,@LambbChops Cannot believe people still find it funny to say these words.,0.25,positive
2020-01-09 10:19:16,1215216460919984129,"@LambbChops @DragonP0ny one my best friends has Aspergers (type of autism) so when i see people using the word ""aut‚Ä¶ https://t.co/wsq7ejDkX9",1.0,positive
2020-01-09 10:16:32,1215215773389598720,@LambbChops @DragonP0ny i dont like to use derogatory words,0.0,neutral
2020-01-09 09:33:03,1215204828999229440,@LambbChops On the way to victory ! https://t.co/Y5jQztnaJo,0.0,neutral
2020-01-09 08:54:06,1215195026877296640,@binbashtv @LambbChops The king is not amused! https://t.co/Vjomi2G3PL,0.0,neutral
2020-01-09 08:42:32,1215192116214652930,"@LambbChops What the fuck is it with this whole feet thing? I've seen a few people comment about this. 

Are you ju‚Ä¶ https://t.co/jFjYcS7wAC",-0.13333333333333333,negative
2020-01-09 08:03:25,1215182273814896641,@LambbChops So I agree with you but doesn't this sort of thing give the word more power and make it that much more‚Ä¶ https://t.co/m3FvQcYKQ8,0.35,positive
2020-01-09 07:12:51,1215169548195942400,"@LambbChops @iamBrandonTV Thanks, Lambb! Brandon fell free to hmu.",0.325,positive
2020-01-09 06:43:54,1215162263805411328,@Teecake_Twitch @LambbChops Play Witcher 3 then watch the show. Haha. Or do it at the same time üòÅüòá,0.1,positive
2020-01-09 06:08:41,1215153397957087232,@LambbChops @SamStrake People tag in Go Live tweets?! What the fuck?! Unless you're like a good friend or collabora‚Ä¶ https://t.co/35M53Z2q76,0.12348484848484846,positive
2020-01-09 05:08:54,1215138352971898881,@LambbChops @jdoerrerstl1977 @madcupid6 YES thank you!!,0.0,neutral
2020-01-09 04:45:14,1215132398259752961,@LambbChops Totally agree my son is so smart he knew how to read before he got to kindergarten. Sometimes he might‚Ä¶ https://t.co/O8ClFe9k1F,0.10714285714285714,positive
2020-01-09 02:54:42,1215104581350445056,"@LambbChops I know. I just wanted to point that out.  But, that said, I fully agree with you.",0.0,neutral
2020-01-09 02:54:17,1215104476710940672,@LambbChops My son has Autism and we don't say he is an autistic child we say he is a child with Autism becuase he‚Ä¶ https://t.co/kTzarlTSrc,-0.2,negative
2020-01-09 02:50:21,1215103489027846145,"@LambbChops The only word out of that list I'd use is autistic, but only when talking about my oldest, who is on th‚Ä¶ https://t.co/5ZnMVkO6Y2",-0.06666666666666667,negative
2020-01-09 02:16:11,1215094887290413056,@TheRealPhildk @LambbChops @kaska4th LMFAOOOO YUP!! Exposed!!,0.0,neutral
2020-01-09 02:13:40,1215094256303513600,@Revololwarrior @LambbChops @kaska4th you got exposed it seems,0.0,neutral
2020-01-09 02:13:03,1215094101609275393,@TheRealPhildk @LambbChops @kaska4th ??? Man whAT,0.0,neutral
2020-01-09 01:40:31,1215085913182818305,@LambbChops ^^^ 100%,0.0,neutral
2020-01-09 01:31:30,1215083643233804288,@LambbChops @kaska4th @Revololwarrior Obivously pets are the way to a girls heart,0.0,neutral
2020-01-09 01:25:13,1215082061377277952,@LambbChops @kaska4th @Revololwarrior you tell him ( i thought my pets would do the work),0.0,neutral
2020-01-09 01:20:57,1215080988847591426,"@kaska4th @LambbChops @Revololwarrior yeah stop small bro, come on",-0.25,negative
2020-01-09 01:03:07,1215076501147643905,@LambbChops @Revololwarrior quit asking freak,0.0,neutral
2020-01-09 00:44:32,1215071825308180481,@nalipls @LambbChops But I have the right to know if you are an alien. I need all the excuses I can get for only being 1800 rating.,0.011904761904761899,positive
2020-01-09 00:12:49,1215063842809511938,@LambbChops Yupppp wish twitch chat would stop asking this it‚Äôs completely irrelevant to my stream,-0.5,negative
