2020-01-12 19:49:06,1216447028546265088,@samstrake can't wait to see how this works and get a 0/0 on myself
2020-01-12 19:21:01,1216439960879931398,@samstrake fuck @samstrake i hope that‚Äôs a positive one. as in i‚Äôd love to f‚Äî samstrake üòâ
2020-01-12 19:07:56,1216436669236121600,@samstrake i bet no one says shit about me. positive or negative. lul
2020-01-12 19:06:34,1216436324900769792,@samstrake well dayum o.o https://t.co/ofckaoyunk
2020-01-12 18:45:52,1216431115621339136,@samstrake proud of u for taking this on and teaching yourself a programming language! üëèüëèüëè
2020-01-12 18:41:01,1216429894143365120,@samstrake asbestos.
2020-01-12 17:58:21,1216419157589184512,"@samstrake you don't need a python script for that. just ask and i will say ""yes."""
2020-01-12 17:49:26,1216416910402826241,@samstrake @kipgrey i'd love to see this built out to database confirmed results and then plot them over time. the‚Ä¶ https://t.co/8182ntqc0i
2020-01-12 17:25:47,1216410962619592704,"@samstrake nah, i‚Äôm good. üòÅ"
2020-01-12 17:21:43,1216409938576019456,@samstrake i had to explain to my 12 year old that i work on the algorithm.
2020-01-12 17:15:43,1216408428857495554,@samstrake you've got haters
2020-01-12 17:15:02,1216408253791232001,@samstrake yooooo that‚Äôs so sick!!real talk: there‚Äôs a platform that does this but it costs a fucking fortune. if‚Ä¶ https://t.co/y0h16pk5ht
2020-01-12 17:11:12,1216407290514956288,@samstrake looks broke like the numbers are flipped. ü§£
2020-01-12 17:10:39,1216407150882217984,@samstrake hi yes. i‚Äôd like to become an investor please. thanks.
2020-01-12 17:09:18,1216406813563932672,@samstrake that's sick!
2020-01-12 17:05:42,1216405904461045764,@samstrake https://t.co/xco58fk0ql
2020-01-12 17:04:27,1216405590299291653,@samstrake how does this work? is it sensitive to particular keywords? i‚Äôm fascinated!
2020-01-12 17:03:42,1216405403774226432,"@samstrake i know people follow you for you streaming stuff, but i'm here for the code shit, hahai feel seen ü§ò"
2020-01-12 15:54:49,1216388066287308805,rt @samstrake: i made a google sheet that collects creator's email addresses from their twitter bios because finding them all by hand is a‚Ä¶
2020-01-12 15:40:19,1216384418178371589,@livesfluffy @oreocide @samstrake i got cancelled last yeargood to know oreo was the mastermindthat right git ü§£
2020-01-12 13:08:17,1216346157351362561,"@samstrake when i have the option, i'll take 4k every time as the difference is pretty big, especially when paired‚Ä¶ https://t.co/bbwfzqxhur"
2020-01-12 11:32:54,1216322153814974464,how dare people give advice to professionals without being professionals themselves. completely unacceptable really‚Ä¶ https://t.co/kzrpt0wnnt
2020-01-12 10:23:00,1216304562933338112,@samstrake i‚Äôm pretty sure it‚Äôs internet magic i never understood how some people are famous vs other famous people‚Ä¶ https://t.co/kekmykndnx
2020-01-12 06:33:40,1216246850732249088,@samstrake cum
2020-01-12 06:27:52,1216245391215083520,@samstrake thank you sir
2020-01-12 06:18:58,1216243150911500289,@samstrake well that is niftythanks!
2020-01-12 03:59:59,1216208174497308674,@samstrake dandruff?
2020-01-12 03:41:23,1216203493545009152,@samstrake üò≠
2020-01-12 03:21:47,1216198561165205504,@samstrake chonky dandruff üò¨
2020-01-12 03:16:36,1216197254928838656,"@kittie_positive @samstrake psh, we got a pleh. just a weeeeeeeeee bit. not worth calling a flurry lol"
2020-01-12 03:15:13,1216196909280505858,"@samstrake haha! we drove to thackersville, ok fr fort worth. it was snowing thick bits in gainesville this morning‚Ä¶ https://t.co/ajb6fuknfi"
2020-01-12 02:31:04,1216185797864390656,@samstrake people trying to bypass the algorithm to get famousthe algorithm: https://t.co/21rzvrxh8b
2020-01-12 01:32:59,1216171182208307201,@samstrake https://t.co/wa0scfcknr
2020-01-12 01:22:13,1216168471320506370,@oreocide @samstrake that‚Äôs the word on the streets
2020-01-12 01:21:49,1216168369973530627,"@livesfluffy @samstrake wait, i am?"
2020-01-12 01:18:53,1216167633042780160,@samstrake sir @oreocide is in charge of cancellations and since i don‚Äôt see anything from him you are still a streamer
2020-01-12 00:41:16,1216158165118533633,@samstrake oh wait ‚Äî it looks like it doesnt save other people‚Äôs entries and those three are stock examples. ggs then! this is v cool
2020-01-12 00:39:53,1216157819080101889,@samstrake this is a spammer‚Äôs greatest wish üò¨do you provide opt out options?i‚Äôm thinking of ‚Äúselect all‚Äù scena‚Ä¶ https://t.co/eibqts6ke9
2020-01-12 00:36:36,1216156991124623361,@samstrake that makes two of us üòÑ but i am a gamer!!
2020-01-12 00:32:56,1216156069082337280,@modestmarill @samstrake @xanozichimonji got 'em https://t.co/5mnb3u87db
2020-01-12 00:10:30,1216150424044154880,@_hazonku_ @samstrake @incredibleculk so i am on to something. his bucket on top of the door came before his succes‚Ä¶ https://t.co/rjmnqfcm2m
2020-01-12 00:03:23,1216148631914450945,@samstrake i mean u right but at the same time the algorithm might as well be that
2020-01-11 23:28:34,1216139870373998592,@samstrake the sky is falling
2020-01-11 23:25:49,1216139177126875136,so many do. https://t.co/cdknemxwd3
2020-01-11 23:23:24,1216138568612999168,@igamedad @samstrake i'm sure @incredibleculk is still using that to hreat success and he understands the algorithms.
2020-01-11 23:18:10,1216137251463352321,@samstrake this is why i stay in the shadows and not use my knowledge about the algorithm. don't want people chasin‚Ä¶ https://t.co/blaqovrjhd
2020-01-11 23:14:45,1216136392943767554,@samstrake it took me a day to come up with this. thank you for the shoutout. https://t.co/5xpgk7beyl
2020-01-11 23:09:49,1216135151782154245,@samstrake coconut?
2020-01-11 22:53:43,1216131101241962496,@samstrake snow is the worst
2020-01-11 22:49:43,1216130092478468102,"@samstrake one thing my bro and i notice is only certain games, videos, and movies play in 4k on consoles, tvs, pho‚Ä¶ https://t.co/arkmvow6lh"
2020-01-11 22:41:39,1216128064188485632,@samstrake just tried putting in my own profile. maybe it's because i have both the oc url and email address in there?
2020-01-11 22:37:31,1216127024869195776,@samstrake https://t.co/xvkbhwuk5i
2020-01-11 22:11:56,1216120583555031040,@samstrake i had to type and delete my response because it was too sinful
2020-01-11 22:11:09,1216120386284212224,i like the idea that i'm a wizard https://t.co/0snignkr1p
2020-01-11 21:37:32,1216111927795109889,@samstrake er... https://t.co/okap9qdvd2
2020-01-11 21:32:31,1216110663891812352,rt @samstrake: the witcher- toss a coin to your witcher ft. lil jon https://t.co/uv6gkhdbha
2020-01-11 21:28:59,1216109775039160320,@samstrake a good dandruff shampoo should clear that right up lol
2020-01-11 21:21:49,1216107973161844736,@samstrake dandruff
2020-01-11 20:49:06,1216099740619702273,@samstrake does it use location
2020-01-11 20:30:23,1216095030680719360,@samstrake is it not.
2020-01-11 20:22:37,1216093074830422016,@samstrake @moltenslowa not all heroes wear capes. thank you!
2020-01-11 20:22:09,1216092956031115265,@samstrake over here in ny we get both in the same day along with sunshine üòÇ. i wish i was minding but i‚Äôm notl lol‚Ä¶ https://t.co/tgdwyw6cgt
2020-01-11 20:11:24,1216090250306576385,@samstrake thanks!
2020-01-11 20:00:25,1216087486184730625,"@samstrake cocaine, of course https://t.co/6dguilfgpt"
2020-01-11 20:00:19,1216087463824953345,@samstrake most people watch livestreams on computer monitors &amp; cell phones. with very few exceptions these 2 thing‚Ä¶ https://t.co/toiplp5w2u
2020-01-11 19:53:42,1216085795477565442,@samstrake tbh i hate myself for making that joke but it‚Äôs gonna stay
2020-01-11 19:53:17,1216085692339687424,"@samstrake it‚Äôs just a white guy, it‚Äôll be okay."
2020-01-11 19:42:19,1216082931183124482,@samstrake bring some to austin!!! https://t.co/zw9428x6i9
2020-01-11 19:38:51,1216082058025611317,@oreocide @samstrake hope she sees this bro ‚úäüò§
2020-01-11 19:33:57,1216080827072671744,@samstrake https://t.co/kfmya6lt8j
2020-01-11 19:33:15,1216080651507552256,@dyeoxy @silfy_star @samstrake i stream at 7500. the cap is 8k
2020-01-11 19:32:20,1216080420539752449,"@doubleagtsmith @samstrake no one, it's so impossibly hard it's not worth it."
2020-01-11 19:30:44,1216080016838053888,@samstrake also i tested it with my own username and holy balls that's so cool!!!
2020-01-11 19:30:18,1216079909216346112,@samstrake @nelstar15 and @seriouslyclara
2020-01-11 19:30:11,1216079877952028672,@oreocide @samstrake tell her she can bring milo. maybe someone will spike the punch and she'll let him have some. https://t.co/l4vbisoowc
2020-01-11 19:26:22,1216078919197167617,@samstrake hey how‚Äôs the weather it‚Äôs 60 here in the east coast states lol
2020-01-11 19:13:41,1216075727608610817,@samstrake i wanna ask her to prom but idk if she'll say yes i'm really nervous!!! üò≥
2020-01-11 18:58:30,1216071904253169666,@samstrake @robertoblake for me i had to go broad and taste a lot of different things before i could narrow to a ni‚Ä¶ https://t.co/kg9hwg3m9e
2020-01-11 18:54:18,1216070848169246721,"@samstrake heya sam, got a minute?"
2020-01-11 18:52:33,1216070408388038657,@samstrake bad hair day?
2020-01-11 18:52:31,1216070401354162176,@i_always_know @samstrake @modestmarill @xanozichimonji u win
2020-01-11 18:42:53,1216067974768951296,@samstrake i‚Äôve been fortunate enough in the past to have companies that pay for software that has this as a featur‚Ä¶ https://t.co/snfextlemu
2020-01-11 18:42:01,1216067757143400449,"@samstrake you see, when one cloud really likes another cloud......... üôÉi'll show myself out."
2020-01-11 18:40:22,1216067342867759105,@samstrake 2020 texas gets flurries ? whoa...
2020-01-11 18:40:20,1216067333661155328,"@the_idiotchris @_theprncss @samstrake da na na, da na naüî•"
2020-01-11 18:39:00,1216066999203385344,@samstrake we make just make our own. there‚Äôs always new creators though
2020-01-11 18:37:11,1216066539797073921,@samstrake cum
2020-01-11 18:31:39,1216065149116743683,@samstrake @oreocide and i'd piss myself laughing while watching from a distance.
2020-01-11 18:29:25,1216064588677963784,@samstrake https://t.co/ltwo0oq7v8
2020-01-11 18:20:56,1216062452854484992,@samstrake wait which one are you in
2020-01-11 18:20:06,1216062242766163968,"@samstrake ""algorithm"" sounds like a location from the lord of the rings series."
2020-01-11 18:19:13,1216062021336289282,@samstrake breaking +++ streamer admits to doing coke on twitter +++
2020-01-11 18:16:05,1216061230101794818,@samstrake i just realised that i am a community / influencer manager.
2020-01-11 18:07:39,1216059106810720256,@samstrake as long as it's not hurting or straining my eyes i honestly dont care.
2020-01-11 18:06:06,1216058716958658561,@azrealshernack @samstrake agreed
2020-01-11 18:05:25,1216058548892905473,"@samstrake @drcyborg dandruff, i suggest head and shoulders"
2020-01-11 18:02:37,1216057842995748868,"@samstrake it was just 82‚Äô earlier yesterday too. the year 1982 that is, see sam i come from an alternate timeline‚Ä¶ https://t.co/q5b3xqusox"
2020-01-11 18:02:05,1216057709755322369,@travisshreffler @samstrake you can see it literally jumping out of his hair in the first picture. disgusting.
2020-01-11 18:00:42,1216057358989889536,"@samstrake oh gawdno one... explained to you race yet, eh well you see..."
2020-01-11 17:59:00,1216056930634010626,@samstrake meanwhile it‚Äôs 71 degrees in virginia. i want some snow!!!! üò°
2020-01-11 17:58:32,1216056813633855493,@mikeyperk @samstrake https://t.co/8se4vt4ijf
2020-01-11 17:57:35,1216056575376232448,@samstrake did your box of instant mashed potatoes explode or sum?
2020-01-11 17:55:28,1216056043320545280,rt @samstrake: the fuck is this white stuff https://t.co/zuans5sc1l
2020-01-11 17:54:35,1216055821315891200,@samstrake i‚Äôll take snow over the -30 weather we‚Äôre getting any day ü§™
2020-01-11 17:51:32,1216055054744072192,@samstrake it‚Äôs an invasion from alien lice. the first picture shows they‚Äôre falling from the sky
2020-01-11 17:51:24,1216055017452470272,@samstrake that‚Äôs what she said.
2020-01-11 17:50:15,1216054728070660103,@samstrake let‚Äôs get drinks at south!
2020-01-11 17:50:03,1216054679291027456,"@samstrake lucky! send that to austin, please!"
2020-01-11 17:49:55,1216054644448940034,@samstrake it‚Äôs called sam strake. #sorrynotsorry üòÖ
2020-01-11 17:49:52,1216054631555571716,@samstrake god has dandruff..
2020-01-11 17:49:36,1216054564404846593,@samstrake bruh. get some head and shoulders. fuck
2020-01-11 17:49:25,1216054520351993856,@samstrake jesus' love.
2020-01-11 17:49:05,1216054434993713152,"@samstrake chemtrail-flakes. to the chemtrail shelter, quick!;)"
2020-01-11 17:48:51,1216054377858899968,@samstrake it's better than the pollen that's currently covering my car. &gt;:(
2020-01-11 17:48:34,1216054306803154945,"@samstrake dandrufftake better care of your scalp, sam"
2020-01-11 17:32:38,1216050295446224896,@samstrake lol. true. there are total different levels of toolsets
2020-01-11 17:25:23,1216048472971010049,@samstrake @gothixtv @kittaniee @ceddyornot @themohawkmike @robsekay
2020-01-11 17:24:23,1216048222445228034,good management and good planning https://t.co/m96yd5vgqr
2020-01-11 17:20:32,1216047252789055488,@samstrake @taylorishere we just like the pain and misery of looking up every single influencer and clicking into their page 7000 times
2020-01-11 17:16:42,1216046288283680775,@samstrake unless we have sfdc üòú
2020-01-11 17:14:57,1216045845658861568,@samstrake amazing resource for connecting with content creators
2020-01-11 17:14:48,1216045809118011393,"@samstrake it is, those google wizards are in the big building with algorithm written on it."
2020-01-11 17:08:48,1216044298048720896,@samstrake thank you sir. now post a belfie so we can all go about our day. wait...was that just a troubletruck thi‚Ä¶ https://t.co/h0argucyme
2020-01-11 17:08:10,1216044139290288130,guess i better move mine back to the bio!check this out peeps. could be super handy for getting in touch with you‚Ä¶ https://t.co/uzptxpxe9x
2020-01-11 17:02:16,1216042656477769736,@samstrake did you make the requisite sacrifice today? https://t.co/lhuuymobfj
2020-01-11 16:58:38,1216041740018364418,@samstrake send me a polaroid lewd too! or am i asking too much.
2020-01-11 16:55:02,1216040836380516352,@samstrake https://t.co/xuhsqxerik
2020-01-11 16:31:18,1216034863536537602,@samstrake for real? :)
2020-01-11 16:28:02,1216034040630910982,@samstrake yeah but like...it is.
2020-01-11 16:26:27,1216033643090436096,@samstrake i always assumed 4k was for those wealthy enough to have tvs the size of entire walls. &gt;.&gt;;1080p seems‚Ä¶ https://t.co/3b9iktbgyl
2020-01-11 16:19:39,1216031931587940353,@samstrake tell me how to become a clickbait so i can become innarnet famous?!?! $$$
2020-01-11 16:18:11,1216031562044669953,@samstrake you forgot ignore. &gt;-&gt;
2020-01-11 16:14:00,1216030507433177090,@samstrake https://t.co/67zcapofsn
2020-01-11 16:11:45,1216029943181778945,@samstrake https://t.co/gmk4ngvodt
2020-01-11 16:10:02,1216029510342148096,@samstrake if 1-3 actually helped i‚Äôd be the most followed man alive üòî
2020-01-11 16:08:53,1216029219886714880,@samstrake don't you dare mock our lord and savior.
2020-01-11 16:04:37,1216028145511469062,"@_theprncss @samstrake *slides over bud and bong**whispers* ""da na na, da na na""*begins talking*""okay pochajaide-"
2020-01-11 16:02:03,1216027499756433409,@the_idiotchris @samstrake yeah you lost me
2020-01-11 16:01:41,1216027407930527744,@_theprncss @samstrake add it to the list of clicky click words- cloud- web-scraping - algorithm- data mining- jell-o
2020-01-11 15:59:32,1216026867955879937,"@samstrake instructions weren‚Äôt clear enough, i got my dick stuck in the oven. going to the hospital now."
2020-01-11 15:54:45,1216025664970731520,"@samstrake @the_idiotchris *makes fun of grandma cuz she can't turn on ipad*""what's an algorithm?""even my self roasts are gold"
2020-01-11 15:51:28,1216024838642503682,@alex_seab1 @samstrake parents that doesn't give their kid any chance... üëÄ
2020-01-11 15:49:17,1216024289612308482,"@mzzaart @samstrake you can reverse engineer formulas, but not with this many variables. here you are talking about‚Ä¶ https://t.co/zfhpcxwill"
2020-01-11 15:49:00,1216024217017376771,@samstrake üòÇüòÇüòÇ i replied to the wrong tweet.
2020-01-11 15:46:16,1216023529189191680,"@naialexandr @samstrake if you know the results, you can figure out the formula"
2020-01-11 15:46:01,1216023464605364233,"@naialexandr @samstrake that's funny, cuz 80% of my math classes existed of reverse-engineering formulas"
2020-01-11 15:44:43,1216023139139964929,@samstrake @mzzaart i'm good at math and still don't understand the algorithm. does it have a formula we know? be‚Ä¶ https://t.co/jljtvcinrs
2020-01-11 15:43:13,1216022762332049409,@samstrake me using the word algorithm. https://t.co/pvrsnigvjx
2020-01-11 15:40:17,1216022021085257735,@samstrake post: poor engagement algorithm: https://t.co/snyja7nizg
2020-01-11 15:39:46,1216021892156612609,@samstrake me when the algorithm's glory shines upon my channel https://t.co/damdi8ditp
2020-01-11 15:37:50,1216021404425916416,@samstrake wait!it‚Äôs not?!?the lies ive been told
2020-01-11 15:37:37,1216021350139289600,@samstrake well yeah i am
2020-01-11 15:36:18,1216021021402243072,@samstrake it isn't?????
2020-01-11 15:33:39,1216020355262926849,@escoblades @samstrake https://t.co/k9anzdblg5
2020-01-11 15:14:44,1216015594530770944,@escoblades @samstrake god damnit lol
2020-01-11 15:11:59,1216014900385976326,@samstrake he kind of reminds me of that troubletruck guy. what a clown. üßêü§°
2020-01-11 15:08:00,1216013898983333895,@samstrake excuse me you're not allowed to reply. you've been cancelled. i posted a fancam and everything.
2020-01-11 15:06:38,1216013555964747776,@samstrake #samstrakeisoverparty https://t.co/k0h4elnrhp
2020-01-11 15:02:32,1216012522546966543,"@samstrake what a weirdo, who names their kid sam anyway!? weak!!!!"
2020-01-11 15:00:37,1216012038926979072,@samstrake always knew he was trouble... truck
2020-01-11 10:42:58,1215947202062778368,@samstrake that‚Äôs fine. just give me the b button option so i can back out üòÅ
2020-01-11 10:10:20,1215938986369155074,@samstrake make sure you knock that like button up!
2020-01-11 09:54:42,1215935053554806785,@samstrake ok i just saw everyone else comment this and now i feel unoriginal
2020-01-11 09:54:02,1215934887959527424,@samstrake a few of these are also pok√©mon moves or name variations of pok√©mon moves. :3
2020-01-11 08:51:10,1215919064746536960,@stephneee_plz @larawithabird @samstrake like if someone transitioned to a boy at a young age would their growth sp‚Ä¶ https://t.co/tpx77dmqvg
2020-01-11 08:48:52,1215918487031382016,@stephneee_plz @larawithabird @samstrake if you are speaking on terms of people who have transition well that would‚Ä¶ https://t.co/1vzojw97en
2020-01-11 08:47:13,1215918070788763648,"@stephneee_plz @larawithabird @samstrake i'm hoping that comes across right, twitter can make people think the wors‚Ä¶ https://t.co/n1oe5cj0zs"
2020-01-11 08:41:40,1215916676539174912,@stephneee_plz @larawithabird @samstrake this would be biological so they would be going by sex not gender. that's‚Ä¶ https://t.co/3e7i7su6jt
2020-01-11 07:33:03,1215899406366625792,@samstrake last a checked this song is longer than 32 seconds. don't hold out on us. i'ma need the full version.
2020-01-11 06:11:04,1215878774392311808,@samstrake @highharleyquinn @this_vid okay haha but seriously this is fantastic work 15/10 i do love your edits.
2020-01-11 06:00:42,1215876165010968576,@samstrake @highharleyquinn @this_vid but seriously if you dont want me to i will not download it and let it fall o‚Ä¶ https://t.co/de4pzsqzgs
2020-01-11 05:59:35,1215875884978180096,@samstrake @highharleyquinn @this_vid too late haha i can share it with my wife now! haha
2020-01-11 05:46:40,1215872632891092992,@samstrake @highharleyquinn @this_vid
2020-01-11 05:45:48,1215872414506090497,@samstrake @modestmarill @xanozichimonji are you really blocked üòÇüòÇ
2020-01-11 05:36:21,1215870039087144960,@third_artifact i followed you because you gave @oreocide and @samstrake shit...and that resonated with my soul. https://t.co/snljuucrbv
2020-01-11 05:06:37,1215862554221842433,@anhaelas @samstrake adding this to the list of tweets i want framed
2020-01-11 05:06:07,1215862430917525506,"@katie_kalhar20 @samstrake @larawithabird yes. but then i think a lot of us do, it's not really a social behaviour frequently."
2020-01-11 04:57:13,1215860188277891073,@samstrake @modestmarill @xanozichimonji and nothing of importance was lost.
2020-01-11 04:38:43,1215855532843708419,@samstrake ive literally had to confer with my twitter advisor lord high chancellor @swagamemnon22 to make sure my‚Ä¶ https://t.co/6oiulpvcjr
2020-01-11 04:33:44,1215854278314774528,@samstrake every. day. i‚Äôm tagged with at least two or three streamers who have me blocked and i‚Äôm like ope if only you knew honey
2020-01-11 04:19:55,1215850803455516673,@samstrake film and tv shows? 4k all day. streams? not a chance.
2020-01-11 04:16:45,1215850004515975168,"@samstrake unlimited bandwidth and a lg 4k oled hdr 55"", i always watch in 4k when i can."
2020-01-11 03:49:15,1215843086410096643,rt @samstrake: streamers when you tell them they are responsible for their community's actions: https://t.co/uq03bg44ok
2020-01-11 03:27:55,1215837715582898176,rt @tsukiomi: lmfao https://t.co/klsl5fv9mj
2020-01-11 03:22:10,1215836271479672834,@modestmarill @samstrake @xanozichimonji good tweet
2020-01-11 02:29:26,1215822999057772544,@samstrake the credits?
2020-01-11 02:15:48,1215819567294926848,@samstrake @larawithabird can i feel a disconnect with all ages of people?
2020-01-11 02:13:20,1215818949239046145,@samstrake and don‚Äôt fuck with my smash main... https://t.co/xv0elf4bkb
2020-01-11 02:12:29,1215818731672104960,@samstrake that‚Äôs how i roll son.
2020-01-11 02:08:11,1215817649935933440,"@samstrake yep, i certainly didn‚Äôt post a timely cover of ‚Äòtoss a coin to your witcher‚Äô because i think it‚Äôs the best song ever :p"
2020-01-11 02:02:01,1215816098383351811,"@samstrake i watch basically everything i can 4k, but i also dont have data caps if i had caps then id nope out of it."
2020-01-11 01:52:18,1215813655578791936,@samstrake 4k is good but the tech isn't cheap enough yet. i don't really care as long as its above 360p.
2020-01-11 01:44:38,1215811724055666689,lmfao https://t.co/klsl5fv9mj
2020-01-11 00:58:33,1215800129317429248,@samstrake @xanozichimonji i‚Äôm a lucio maini am also whiteif white version counts as cosplay despite how it‚Äôs a m‚Ä¶ https://t.co/o0ery4yshd
2020-01-11 00:37:46,1215794896252100609,@samstrake i'll be over here watching my dolby vision https://t.co/cie49j06md
2020-01-11 00:29:39,1215792852892110849,@samstrake my internet supports 460p...
2020-01-11 00:25:26,1215791793939238912,"@samstrake i think 1080p looks quite bad fullscreen on a monitor, even a 4k tv that upconverts looks meh üòíif you‚Ä¶ https://t.co/8ibuv8gpj4"
2020-01-11 00:23:49,1215791387033186304,@itsthemikejames @samstrake it‚Äôs one of many inputs
2020-01-11 00:20:56,1215790659615055872,"@moshcrates @itsthemikejames @samstrake i‚Äôm not talking about consuming, i‚Äôm talking about creating"
2020-01-11 00:17:48,1215789873921216512,"@samstrake no matter how slow you set x264.. 1080p is still too high for current streaming bitrates, unless your se‚Ä¶ https://t.co/t3j2izbpgx"
2020-01-11 00:17:45,1215789860369379328,@samstrake i don‚Äôt.
2020-01-11 00:17:03,1215789683793285120,@samstrake this is my new favorite picture omg
2020-01-11 00:15:45,1215789356251865088,@samstrake as far as streaming?  don't do 4k. most viewers can't handle it anyway plus it requires a tremendous amount of upstream data.
2020-01-11 00:09:18,1215787734201257985,"@samstrake make fun of yourself so that nobody else can, right? then they have nothing to hold against you..."
2020-01-11 00:00:32,1215785528898928641,@modestmarill @samstrake @xanozichimonji the sound i just made reading that. üòÇüòÇüòÇ
2020-01-11 00:00:21,1215785481511763969,"@samstrake @larawithabird (see, that‚Äôs now we older millenials do it... we tweet at you to get off our lawns instead of yelling it)"
2020-01-10 23:59:34,1215785282940829696,@itsthemikejames @samstrake @technotimlive disagree. the promoted videos are top list. transcoding is auto. the vie‚Ä¶ https://t.co/saiobrherj
2020-01-10 23:55:52,1215784354112253953,"@samstrake @larawithabird get off my lawn, @samstrake"
2020-01-10 23:34:02,1215778856625483776,"@samstrake i'm still watching content in 720p or, on my phone, 480p..."
2020-01-10 23:33:36,1215778748944932869,@samstrake i like watching 4k films and pre recorded vids... but for streaming? 1080p is more than sufficient
2020-01-10 23:32:53,1215778570565496835,@samstrake i mean. i game in ‚Äú4k‚Äù but stream and watch videos in 1080
2020-01-10 23:29:49,1215777796569604096,@samstrake for movies and like netflix yah yah yah
2020-01-10 23:28:26,1215777447116861440,@moshcrates @samstrake nature shows in 4k https://t.co/0tlitzodpg
2020-01-10 23:26:37,1215776990185304066,@afkayt @samstrake this girl. this girl knows
2020-01-10 23:26:07,1215776864666562560,"@samstrake said the dinosaur who scoffed at ""hd tv"". ...and records...and beta max...and lte..."
2020-01-10 23:23:29,1215776203946283008,@silfy_star @samstrake twitch restricts to 6k bitrate. only a select few have higher. 4k requires like 35k bitrate
2020-01-10 23:21:13,1215775632174403584,@samstrake @ashnichrist dammit i was gonna say that.
2020-01-10 23:21:05,1215775599194599424,@samstrake on the 4k tv yeah stuff looks good and if something is available in 4k i stream it that way. otherwise 1080p on other devices.
2020-01-10 23:10:33,1215772950248468480,@samstrake i‚Äôve never heard anyone complain about 1080.. i‚Äôve heard complaints about lower. i think it doesn‚Äôt matt‚Ä¶ https://t.co/mu6ow09amv
2020-01-10 23:08:55,1215772536786554881,@samstrake motorola razr though
2020-01-10 23:07:29,1215772178634985480,"@samstrake to be fair, i do kind of want to see fruit roll-up tvs too... they make me laugh."
2020-01-10 23:07:26,1215772165443932162,"@samstrake me. i does- particularly animations and cinematic animations, i wanna experience it how it was rendered in the highest quality"
2020-01-10 23:03:15,1215771112883154944,@samstrake wait i haven't actually seen that movie üò∞
2020-01-10 23:00:12,1215770343345815552,@samstrake some people blocked me solely cause i follow you. see what you did to me.
2020-01-10 22:58:03,1215769804520546305,"@samstrake not youtube videos or anything, but if i‚Äôm watching a movie it‚Äôs a big yes."
2020-01-10 22:56:54,1215769515117760513,"@samstrake they seemed confident that their number collection method would be fair and more accurate, but for any n‚Ä¶ https://t.co/pcrn5t1akq"
2020-01-10 22:54:32,1215768916984836097,@samstrake so...when can we expect to see a video of you rap battling all of your online haters? https://t.co/rbysfirwzv
2020-01-10 22:54:16,1215768851046195200,@samstrake 4k for yt and streams doesn't make much sense.i believe the vast majority aren't consuming them on a d‚Ä¶ https://t.co/xaxjse5cvo
2020-01-10 22:54:08,1215768816753442816,@samstrake @moblordtv pretty sure tik toc does the same thing.
2020-01-10 22:53:50,1215768741583126530,@samstrake every time you get praise you eat mom spaghetti  ?
2020-01-10 22:52:21,1215768369640591360,@samstrake i gotta go back and watch that movie
2020-01-10 22:51:48,1215768229840220160,@samstrake have you tried 4k pornüôÑ
2020-01-10 22:49:11,1215767571682615297,@samstrake right. but hey if you wanna view bot the shit out of your account with no repercussions  facebook gaming has your back
2020-01-10 22:43:43,1215766197100273664,"@samstrake @sirslaw_ i think it's relatively common sense, i just don't know if people know where to start or how/w‚Ä¶ https://t.co/bwekbzflu4"
2020-01-10 22:43:31,1215766145921441793,@samstrake rofl yes
2020-01-10 22:43:04,1215766033501446145,@samstrake someone should tell them that internal server hours don't count.
2020-01-10 22:39:45,1215765198318993408,@samstrake or get tagged in shoutouts by someone i don‚Äôt follow who has a private account so i can‚Äôt even see the shoutout
2020-01-10 22:39:25,1215765113824841728,@samstrake he is a fugly slut. don‚Äôt trust him https://t.co/aqu0at2us8
2020-01-10 22:38:45,1215764946711187456,@dyeoxy @samstrake @disguisedtoast @meloniemac @tradechat maybe they lied to these streamers about their growth too tho...
2020-01-10 22:38:29,1215764876586602498,"@samstrake @technotimlive i suppose. but youtube runs from its ad revenue.if it pushed a 4k video, say, over a 108‚Ä¶ https://t.co/jigppsdg1v"
2020-01-10 22:38:16,1215764823121768448,@samstrake they didn‚Äôt answer my question https://t.co/xsuovg4cbq
2020-01-10 22:37:03,1215764519378739200,@samstrake https://t.co/fb3z6kxxvr
2020-01-10 22:35:47,1215764199911063552,"@technotimlive @samstrake i've not looked into this, so this isn't solid but i can't see that being a thing.they'‚Ä¶ https://t.co/9hjyf5aytl"
2020-01-10 22:34:36,1215763900949508098,"@samstrake can't answer for them on that, but probably via the same method used for also grabbing numbers from the other platforms."
2020-01-10 22:33:36,1215763647500296198,@samstrake i don't believe for a single second that the industry grew over the last quarter. typically viewership i‚Ä¶ https://t.co/d9zrbt8nj6
2020-01-10 22:33:12,1215763549022089217,"@samstrake could 12% be that they had 1 streamer, and now they have 12?"
2020-01-10 22:32:37,1215763400380174336,"@samstrake despite their past, it might be plausible. they did acquire @disguisedtoast and have been growing a rost‚Ä¶ https://t.co/soxh0wr9hy"
2020-01-10 22:30:43,1215762924448423941,"@samstrake haha, true, and perfect picture."
2020-01-10 22:29:42,1215762667371147265,"@samstrake i should note that it's not facebook  reporting those hours, it's arsenal's third-party observational re‚Ä¶ https://t.co/vnybn7mdbd"
2020-01-10 22:28:51,1215762452178198532,@lambbchops @samstrake we'll have to set you up with some diffraction glasses next con!
2020-01-10 22:19:31,1215760105423167489,@samstrake i always record videos in 4k and edit in 1080p.. that way the 1080p looks sharper and i czn always crop‚Ä¶ https://t.co/2zva71ks0f
2020-01-10 22:15:52,1215759187436867584,@samstrake üëÄ i'll ask about that on our panel
2020-01-10 22:07:38,1215757116193017857,"üòÇüòÇüòÇugh dude! nearly perfect, lil off i'm mad https://t.co/oqdyozpfrp"
2020-01-10 21:59:10,1215754983506763776,@samstrake i do but i don‚Äôt want to stream it. i would rather have a 4k disc because lol bandwidth
2020-01-10 21:56:32,1215754319909310464,"@samstrake i only care when it comes to playing my own games, watching streams, all that stuff, 1080 max, usually i‚Ä¶ https://t.co/9gtp4db9a0"
2020-01-10 21:55:56,1215754170504040448,"@samstrake i have a 4k tv but have yet to use its capabilities. maybe once next gen consoles come out, it'll finally be worth it."
2020-01-10 21:54:15,1215753746770223105,"@samstrake i don‚Äôt watch in 4k, even if i have the option."
2020-01-10 21:53:36,1215753581363482624,"@drksttimelinef @oreocide @samstrake yeah no kidding, no mews yet ifnitnwill be more consostent in future unfortuna‚Ä¶ https://t.co/wyhfuhkebc"
2020-01-10 21:47:05,1215751942321922053,@samstrake i watch 720p. i have a 1 tb data cap on my home internet. also my cell phone and chromebook will scream‚Ä¶ https://t.co/tb1npeas7e
2020-01-10 21:39:58,1215750153119793152,"@samstrake i guess i should caveat that - it really depends more on the bitrate, but most people don't get into the‚Ä¶ https://t.co/q2s2sjmzqs"
2020-01-10 21:38:57,1215749898160574464,@samstrake yes...yes i do. there's a huge difference between a good 4k stream and a great 1080p stream. https://t.co/exz3mviroq
2020-01-10 21:37:30,1215749533553967104,"@censorfish @oreocide @samstrake oh whoa, really?! that's wild....i wonder if we'll see stuff like that hidden be‚Ä¶ https://t.co/xf1e2bwsnb"
2020-01-10 21:36:15,1215749218079531008,"@samstrake i have gigabit so i just do it, but it‚Äôs usually not a noticeable difference on anything cept a 4k tv"
2020-01-10 21:30:17,1215747715318943747,@samstrake pretty much 1080p for same reason
2020-01-10 21:29:13,1215747448229941248,"@drksttimelinef @oreocide @samstrake they do get it on occasion, but it‚Äôs hit or miss on whether you get it. some a‚Ä¶ https://t.co/4irgpdrbck"
2020-01-10 21:26:57,1215746874684190720,"@oreocide @samstrake that partner transcoding flex thoseriously tho, that's one huge perk streaming to youtube ha‚Ä¶ https://t.co/8ftarflfvg"
2020-01-10 21:23:16,1215745950842523648,"@samstrake i play in 4k, have a 4k 28‚Äù monitor and a 4k tv, but 1080p60fps still works fine. technology really isn‚Äô‚Ä¶ https://t.co/qr4tdkohzu"
2020-01-10 21:21:29,1215745502261710849,@samstrake this üíØ
2020-01-10 21:20:57,1215745366626394112,@samstrake i actually picked up on this one rather quickly. it helps to stay educated in the areas you/your audience want.
2020-01-10 21:20:08,1215745159725379584,"@oreocide @samstrake like, i‚Äôm pretty sure twitch could afford to extend the transcoding perk to affiliates that pass some thresholdü§∑‚Äç‚ôÇÔ∏è"
2020-01-10 21:20:00,1215745128167428096,@samstrake i binge 4k content on netflix. hdr over 144 hz every day
2020-01-10 21:19:23,1215744972898496513,@oreocide @samstrake been trying to compare my visual fidelity with yours and couldn‚Äôt figure out the crispness‚Äî i‚Ä¶ https://t.co/4nalworytr
2020-01-10 21:19:15,1215744936831635456,@silfy_star @samstrake dunno how enforced the bitrate thing is tho cause whose gonna be that petty or can actually‚Ä¶ https://t.co/iwhgudiwxs
2020-01-10 21:18:11,1215744669558046720,"@silfy_star @samstrake to knowledge right now,  non partners are technically not allowed to stream over a bitrate o‚Ä¶ https://t.co/erhtp9c9ft"
2020-01-10 21:17:20,1215744458257588226,@samstrake i honestly don't see much difference between the two.
2020-01-10 21:15:25,1215743976008892416,"@itsyoshh @sk8mantv @samstrake well, yeah, haha. you right."
2020-01-10 21:15:03,1215743882157273090,@samstrake if you care that much about 4k that you simply refuse to watch something if it's not in 4k i don't want‚Ä¶ https://t.co/dv8dmlxtkq
2020-01-10 21:14:31,1215743746719059975,@samstrake aren‚Äôt bandwidths also restricted on twitch still (no partners ofc) so streaming in lower quality makes sense
2020-01-10 21:14:05,1215743640531763200,@notglassdeezy @sk8mantv @samstrake hey. if she's into it üëÄ
2020-01-10 21:12:52,1215743331306627072,@sk8mantv @itsyoshh @samstrake pretty much every pokemon move except baton pass.
2020-01-10 21:11:45,1215743049466204160,@itsyoshh @samstrake we now need a list of moves your pok√©mon can do to your gf/wife üòÇ
2020-01-10 21:09:59,1215742605071470593,@samstrake i heard that yt boost 4k content in search results.  my new motto is 4k unless i have a reason not to.‚Ä¶ https://t.co/fsntjuq414
2020-01-10 21:09:32,1215742493716885505,@samstrake more than half of these are a pokemon move as well.
2020-01-10 21:08:27,1215742222051790853,@samstrake *subscribe**follow*
2020-01-10 21:02:22,1215740687834107905,@quadlazr @levctt @samstrake 8k is pretty legit on anything 85in and larger.
2020-01-10 21:01:47,1215740545173200896,"@quadlazr @levctt @samstrake on like a 65in tv, but you could do that too."
2020-01-10 20:53:49,1215738538404114438,@samstrake i watch 4k movies when possible
2020-01-10 20:52:59,1215738330547212289,@samstrake accidentally press the button
2020-01-10 20:52:33,1215738218219524097,"@samstrake just movies xd and i can't really tell the difference despite sitting just 2m away from 58"" tv xd"
2020-01-10 20:51:54,1215738057468416000,"@samstrake movies and tv shows that i watch on my tv, yes. anything else, nope."
2020-01-10 20:49:06,1215737352238313472,@samstrake @itsyoshh let‚Äôs be real here... haha
2020-01-10 20:48:53,1215737294860120064,@samstrake @moshcrates @ashnichrist interestingly cb allows 4k streams
2020-01-10 20:43:41,1215735986795225091,@samstrake i watch a lot of stuff in 480 or lower because my internet is such crap
2020-01-10 20:43:24,1215735918058930178,@samstrake i mean no one cared much about hd or blu-ray either when they hit the map :p
2020-01-10 20:41:50,1215735521718173700,"@samstrake everything i watch in the living room is watched in 4k/hdr if i can help it.the difference is massive,‚Ä¶ https://t.co/qb2bl5fw1n"
2020-01-10 20:37:21,1215734396021616640,@samstrake *obligatory:    yes! show me your moves!
2020-01-10 20:37:05,1215734328744992771,@samstrake not really honestly
2020-01-10 20:35:49,1215734007926792193,@camzane @levctt @samstrake like on my 250-inch thunderdome tv?
2020-01-10 20:35:45,1215733990730215430,@samstrake i thought we were talking about smash for a second. https://t.co/hf53kfoch7
2020-01-10 20:34:54,1215733777651130368,@samstrake @officialjaceng my computer used to nearly explode when editing 4k vid until i learned about proxy editi‚Ä¶ https://t.co/ad7ce44xe2
2020-01-10 20:33:12,1215733349681106945,@doubleagtsmith @samstrake das if you took your stream colors and effects to 4k my head may explode in an explosion of glitter.
2020-01-10 20:33:08,1215733331112775681,@samstrake a few of those are also pok√©mon moves...
2020-01-10 20:33:04,1215733317821247494,@samstrake so i can do all these things to you when we have sex?
2020-01-10 20:29:59,1215732540323045379,"@samstrake but yea, rarely for actually watching stuff."
2020-01-10 20:29:42,1215732469980454912,@samstrake i only ever use 4k for having more area to crop and stabilize footage with. you can also perform more sh‚Ä¶ https://t.co/0swdyjvgec
2020-01-10 20:29:32,1215732426049314816,@samstrake not everyone has a 4k monitor but most of us have a 60 fps one.  push higher framerates at 2k maybe?
2020-01-10 20:26:43,1215731717908107264,"@samstrake for me, streams are good in 720p. but for gaming, i need the highest resolution"
2020-01-10 20:24:53,1215731257419730945,@samstrake i consume as much as i can in 4k. 4k and hdr is tingling.
2020-01-10 20:24:51,1215731246871072780,"@samstrake i don‚Äôt think it‚Äôs common sense honestly, otherwise everyone would be doing (and they definitely don‚Äôt lol)"
2020-01-10 20:24:46,1215731228357337091,@levctt @samstrake that is dictated by screen size due to pixel count and pixel spacing. 4k and 8k and very legit i‚Ä¶ https://t.co/wbw3cuwmys
2020-01-10 20:24:23,1215731131976470536,"@samstrake as far as livestreaming goes, i stream at 1080p60 only because, as a partner, i get transcoding so i ass‚Ä¶ https://t.co/3owbvlcdeg"
2020-01-10 20:21:52,1215730498523164672,@samstrake also i watch amazon stuff on my computer so it restricts me to 480p :(
2020-01-10 20:21:50,1215730490470215680,@samstrake we n the home of very much interwebs watch things in 4k
2020-01-10 20:21:49,1215730485961379842,@samstrake @ashnichrist never half ass anything.
2020-01-10 20:21:10,1215730321414553600,@samstrake i‚Äôll also never forget when i went from a 1080p monitor to a 2k monitor and i couldn‚Äôt believe the drast‚Ä¶ https://t.co/xfjni1uu0n
2020-01-10 20:21:05,1215730301722226688,@samstrake i like having the option but i always choose 720p because it loads so much faster.  granted 1080p loads‚Ä¶ https://t.co/kk6skliy75
2020-01-10 20:20:41,1215730198412451840,"@samstrake i limit what i watch to 720p, but i can see the benefits of 4k when it comes to editing. https://t.co/xhkczk7nuh"
2020-01-10 20:20:40,1215730196311166976,"@samstrake that makes more sense. i think 4k tvs and monitors are a still a ways from being the norm. it's a niche at this point, imho."
2020-01-10 20:20:01,1215730032489979918,@samstrake when the human eye can‚Äôt differentiate past 140p does it reallllllly matter? https://t.co/tzkzezucln
2020-01-10 20:19:49,1215729981428510721,@samstrake i still haven't bought into any 4k anything yet. everything in my house is 1080p at most.i see no reas‚Ä¶ https://t.co/dun5mbkkpu
2020-01-10 20:19:42,1215729951883825152,"@samstrake but i could see the other side where people do t care? but i find it‚Äôs usually people settle for less,‚Ä¶ https://t.co/skbegnkg7k"
2020-01-10 20:19:11,1215729822275637249,@samstrake @doubleagtsmith when they released the first 4k at my bestbuy in 2013.  sony already had a display up wi‚Ä¶ https://t.co/3q3liwdj02
2020-01-10 20:18:55,1215729755112247296,@samstrake for example. i wanted the league of legends season 10 cinematic they made yesterday in 1080p and had bad‚Ä¶ https://t.co/pxhdgfgiiu
2020-01-10 20:18:32,1215729660157403136,@samstrake movies for sure. videos and streams not really. i stream in 720 cause i know a lot of my viewers can't w‚Ä¶ https://t.co/orkp3vxzf7
2020-01-10 20:18:31,1215729653018779653,@samstrake i usually do 720 because i'm not big enough to be guaranteed transcode... and i'd rather more people be able to watch.... lol
2020-01-10 20:17:47,1215729468360314881,@samstrake idk this question genuinely conflicts me because the different to me between 1080p and 4k is huge even i‚Ä¶ https://t.co/5wixl1x5f7
2020-01-10 20:17:41,1215729444809297924,rt @buttjuicesoup: @samstrake *wife bangs on door* ‚Äúwhat are you doing in there‚Äù‚Äúsaving the environment‚Äù
2020-01-10 20:17:26,1215729381240397824,"@samstrake if something i'm watching is in 4k, it's not by choice, it's just what it defaulted to that my internet‚Ä¶ https://t.co/e7ryqm6fcz"
2020-01-10 20:17:17,1215729342728241152,"@samstrake both are valid, depends on your content . if i had the option i‚Äôd be recording in 6k and uploading at 4k‚Ä¶ https://t.co/octlv2shw5"
2020-01-10 20:17:15,1215729335438577669,@wrenchitryan @samstrake @ashnichrist the danger of technology!
2020-01-10 20:17:15,1215729334524219392,@samstrake honestly...4k is for television and film right now. i don't ever watch anything on youtube in 4k unless‚Ä¶ https://t.co/ca9fxi7rsk
2020-01-10 20:17:01,1215729276722589696,@samstrake there was a tech video i watched. i wish i could remember who it was. it may of been linus. they were sa‚Ä¶ https://t.co/s1gezppxwx
2020-01-10 20:16:42,1215729196003155972,@samstrake who the fuck streams in 4k?
2020-01-10 20:15:39,1215728934341545989,@samstrake 1080p is standard for streaming. all my youtube videos are 1080p upscaled to 4k so that you get that extra bitrate #protip
2020-01-10 20:14:46,1215728711414296578,"@moshcrates @samstrake @ashnichrist i haven't even seen anything in 4k, because i fear i will have to have it after‚Ä¶ https://t.co/hq3wltbbrr"
2020-01-10 20:11:21,1215727851724574722,"@samstrake @ashnichrist oh i think you are right. though that's not taking into account the most important aspect,‚Ä¶ https://t.co/e7offgdpwq"
2020-01-10 20:01:39,1215725409637142528,@spacecptzemo @samstrake https://t.co/toe4ziee8r
2020-01-10 19:58:49,1215724695217029120,@samstrake e3 is probably gonna change locations anyway
2020-01-10 19:53:31,1215723361751400449,@samstrake you forgot jan 30th - the mario bros. remastered staring john leguizamo.
2020-01-10 19:51:54,1215722955700764672,"@samstrake league of legends season 10, january 10th 2020"
2020-01-10 19:50:00,1215722476216442880,@spacecptzemo @samstrake i want to see this live action sonic.
2020-01-10 19:49:47,1215722425649913858,@samstrake this is a really good tip!
2020-01-10 19:36:48,1215719156059762688,@samstrake aww ye.already got my content for sonics https://t.co/3lw9ld3cvy
2020-01-10 19:34:49,1215718656677683200,@samstrake when in doubt. make shit up!
2020-01-10 19:34:02,1215718458874384384,@samstrake like your onefans debut?
2020-01-10 19:29:36,1215717346150666240,@samstrake become the authority of the niche you want to conquer üòâ
2020-01-10 19:29:04,1215717211400073216,@samstrake https://t.co/91zrrzbbli
2020-01-10 19:18:23,1215714519961559041,@mrskupolight https://t.co/kbv3mzwaiz
2020-01-10 19:15:46,1215713863716548608,@modestmarill @samstrake @xanozichimonji that's a big oof
2020-01-10 19:07:34,1215711797618962433,@samstrake @larawithabird i am sure that in the next year i‚Äôll be shouting at streamers to get off my lawn
2020-01-10 18:59:22,1215709735514714115,@samstrake *while pooping
2020-01-10 18:59:01,1215709648533082112,@samstrake @ashnichrist thank you! i was having such a hard time putting it into words.
2020-01-10 18:50:51,1215707591298277376,@samstrake lol i‚Äôve had that happen where i‚Äôm tagged in someone‚Äôs list of favorite streamers next to people who hate my guts.
2020-01-10 18:38:10,1215704402855591936,@samstrake lmfao i can relate
2020-01-10 18:31:34,1215702740824838144,@samstrake @xanozichimonji (this is not a serious tweet i‚Äôm just being funny)
2020-01-10 18:31:10,1215702638014189569,"@samstrake @xanozichimonji literally would wipe out mine, and my gf's student loans. i'll do whatever pornhub wants for that money haha"
2020-01-10 18:29:55,1215702324410310657,"@samstrake i had a thing back in wow days where all my characters' names started with ""l"" and ended with ""a"".  i wa‚Ä¶ https://t.co/dauluwk7bj"
2020-01-10 18:29:39,1215702259574554624,@samstrake @xanozichimonji ninja if he had to play with girls
2020-01-10 18:24:40,1215701002168492033,@samstrake @seriouslyclara damn you‚Äôre still mad about this? üòÇüòÇüòÇ
2020-01-10 18:18:19,1215699407389233153,@samstrake 52 oz of that sweet brown nectar from the gas station next to work. wish i could say i only drank one of‚Ä¶ https://t.co/zydfw5p0rg
2020-01-10 18:15:10,1215698612736401408,"@samstrake i‚Äôll take ‚Äúsnapbacks you thought of hours later when you‚Äôre alone with your thoughts‚Äù for $100, alex."
2020-01-10 18:14:17,1215698391612755971,@samstrake conversation with the wife?
2020-01-10 18:12:35,1215697964347293696,@samstrake things your wife said to you for $500
2020-01-10 18:07:09,1215696594533666816,@larawithabird @samstrake in a nutshell: the leading research is its 25 for ‚Äòwomen‚Äô and 26 for ‚Äòmen‚Äô(the ‚Äòquotes‚Äô‚Ä¶ https://t.co/shz4lsh16g
2020-01-10 18:00:04,1215694810662821895,"@samstrake i mean i get that, but that's the difference between speaking to hr and speaking to dev. lol. i do wish‚Ä¶ https://t.co/4ypqdonl1o"
2020-01-10 17:57:28,1215694156481343488,@renjipls @samstrake @larawithabird that too
2020-01-10 17:57:23,1215694135966851072,"@samstrake if school taught me anything, its how to cram!!"
2020-01-10 17:56:59,1215694036402692096,"@samstrake as an analyst of 6 years, when i‚Äôm asked ‚Äúdo you have experience in sql that‚Äôs used in [insert reporting‚Ä¶ https://t.co/wbee19vq1e"
2020-01-10 17:56:17,1215693858534674437,@samstrake they didn‚Äôt ask if you have good experience either just experience in general. lol
2020-01-10 17:55:50,1215693745250865152,"@samstrake mmmm, not sure if satire, but hard disagree lol"
2020-01-10 17:54:56,1215693519358189568,@mav959 @samstrake @larawithabird i think back to all the stupid shit i've done as far as last week &amp; think the same thing hahaha
2020-01-10 17:52:34,1215692924865957894,"@renjipls @samstrake @larawithabird i think back on all the stupid shit i did in my 20s and can't help but ask: ""wh‚Ä¶ https://t.co/ldwygezupp"
2020-01-10 17:51:35,1215692679557910529,@samstrake toucan was a college nickname. 2can was taken
2020-01-10 17:39:24,1215689610589888512,@mav959 @samstrake @larawithabird i'm also 28 but i definitely just feel like i'm getting too fucking old for the i‚Ä¶ https://t.co/whdndcnxse
2020-01-10 17:34:28,1215688369788870656,"@samstrake @larawithabird 100% this, though i'm 30..."
2020-01-10 17:31:37,1215687652609077250,@samstrake @larawithabird i thought we were on the same level gonna go sulk in my room and listen to edgey tunes üò≠
2020-01-10 17:23:40,1215685652060176384,@samstrake this is also for you.
2020-01-10 17:12:58,1215682960738832384,@samstrake @badcandygaming @realproblemedic
2020-01-10 17:03:48,1215680653192118273,@samstrake @larawithabird i‚Äôm over 40 and feel a disconnect from anyone 10+ years younger than me.
2020-01-10 16:47:46,1215676617663664128,@samstrake i have to remind chat of this particular report option once in awhile. it's a matter of you can lose you‚Ä¶ https://t.co/8ehqfqoaxy
2020-01-10 16:12:42,1215667792306941952,@samstrake i'm starting to do this more.
2020-01-10 16:05:52,1215666071673491457,@samstrake https://t.co/0jq6dfj6vd
2020-01-10 16:04:29,1215665723533598720,@samstrake does hitting ‚Äòretry‚Äô for an hour count?
2020-01-10 15:57:43,1215664022336557058,"@samstrake its what gets me into trouble all the time. i get a thought,  try to capitalize on it, but i'm taking to‚Ä¶ https://t.co/7rhdpbsx2w"
2020-01-10 15:57:06,1215663868917121024,@samstrake as a streamer we are influencers wether we want to be or not. so while anyone who claims to do something‚Ä¶ https://t.co/ec35ffpnnc
2020-01-10 15:55:27,1215663452192231426,@samstrake type.... delete... type... delete....
2020-01-10 15:46:29,1215661195883155457,@samstrake friend! https://t.co/atg1pqjys1
2020-01-10 15:44:51,1215660785617309697,@samstrake ... should i get rid of the space before or after the ampersand?
2020-01-10 15:42:39,1215660232510263296,@samstrake an...hour?i mean i hardly waste a minute... probably why the quantity to quality ratio is way off!
2020-01-10 15:42:33,1215660203686998016,@samstrake how long did this take you?
2020-01-10 15:42:20,1215660150138331136,@samstrake i just try to see what i can cut from it in order to fit the character limit but also retain the message‚Ä¶ https://t.co/pd3c6vpdmd
2020-01-10 15:28:51,1215656757965574144,@samstrake i guess it just reinforces the fact that they are different skillsets. people who can teach from experie‚Ä¶ https://t.co/uu9itwquu2
2020-01-10 15:22:38,1215655192642891776,"@samstrake i agree with the coaching analogy, but some of the best teachers i've ever had were ones that worked in‚Ä¶ https://t.co/zshvubsrfb"
2020-01-10 15:14:02,1215653030634409986,"@samstrake very much so.people say all the time i should be a trainer.my response: ""no, because while instructi‚Ä¶ https://t.co/m26lnewyym"
2020-01-10 15:13:25,1215652874438397952,"@samstrake yeah i‚Äôm pretty sure the brain doesn‚Äôt fully develop til 25, yep"
2020-01-10 15:06:50,1215651216497225733,"@samstrake how can there be?i love vince lombardi as much as the next packers fan, but you just have to appreciat‚Ä¶ https://t.co/vwd7bd1fln"
